,Keyword,Title,Author,Publication_title,Publication_date,Place_of_publication,First_page,Section,Document_URL,State
79,cap_and_trade,Bill would repeal N.H. cap-and-trade law,Anonymous,"The Brattleboro Reformer; Brattleboro, Vt.","Feb 11, 2011","Brattleboro, Vt.",,News,https://www.proquest.com/newspapers/bill-would-repeal-n-h-cap-trade-law/docview/851243588/se-2?accountid=13360,VT
165,cap_and_trade,Europe fights to save carbon cap-and-trade system as crisis hits,,"Bennington Banner; Bennington, Vt.","Dec 20, 2011","Bennington, Vt.",,Business,https://www.proquest.com/newspapers/europe-fights-save-carbon-cap-trade-system-as/docview/912065968/se-2?accountid=13360,VT
401,cap_and_trade,Political environment: Earth put on the back burner,"Johnson, Tim","The Burlington Free Press; Burlington, Vt.","Sep 26, 2010","Burlington, Vt.",,Green Mountain,https://www.proquest.com/newspapers/political-environment-earth-put-on-back-burner/docview/754947239/se-2?accountid=13360,VT
461,cap_and_trade,Let Free Market Decide the Best Sources of Electricity,"Loris, Nicolas; Spencer, Jack","Valley News; White River Junction, Vt.","Nov 9, 2010","White River Junction, Vt.",A.6,Opinion,https://www.proquest.com/newspapers/let-free-market-decide-best-sources-electricity/docview/763507379/se-2?accountid=13360,VT
758,cap_and_trade,The Long View,"Wooster, Chuck","Valley News; White River Junction, Vt.","Oct 5, 2014","White River Junction, Vt.",,Columns,https://www.proquest.com/newspapers/long-view/docview/1586051909/se-2?accountid=13360,VT
759,cap_and_trade,The Long View,"Wooster, Chuck","Valley News; White River Junction, Vt.","Oct 4, 2014","White River Junction, Vt.",,Opinion,https://www.proquest.com/newspapers/long-view/docview/1585907095/se-2?accountid=13360,VT
843,cap_and_trade,N.H. governor signs global warming initiative into law,"Love, Norma","The Brattleboro Reformer; Brattleboro, Vt.","Jun 11, 2008","Brattleboro, Vt.",,Breaking,https://www.proquest.com/newspapers/n-h-governor-signs-global-warming-initiative-into/docview/380239337/se-2?accountid=13360,VT
872,cap_and_trade,Obama opens second-term drive against climate change,,"Bennington Banner; Bennington, Vt.","Jun 25, 2013","Bennington, Vt.",,News,https://www.proquest.com/newspapers/obama-opens-second-term-drive-against-climate/docview/1371045196/se-2?accountid=13360,VT
903,cap_and_trade,N.H. House OKs global warming bill,"Love, Norma","The Brattleboro Reformer; Brattleboro, Vt.","Mar 20, 2008","Brattleboro, Vt.",,State,https://www.proquest.com/newspapers/n-h-house-oks-global-warming-bill/docview/380191942/se-2?accountid=13360,VT
947,cap_and_trade,Ayotte: Climate a Concern: Senator Bucks GOP Hard Line,"Wolfe, Rob","Valley News; White River Junction, Vt.","Oct 16, 2015","White River Junction, Vt.",,Newsletter,https://www.proquest.com/newspapers/ayotte-climate-concern/docview/1723741559/se-2?accountid=13360,VT
948,cap_and_trade,Ayotte: Climate a Concern: Senator Bucks GOP Hard Line,"Wolfe, Rob","Valley News; White River Junction, Vt.","Oct 15, 2015","White River Junction, Vt.",,News,https://www.proquest.com/newspapers/ayotte-climate-concern/docview/1722300883/se-2?accountid=13360,VT
1102,cap_and_trade,Premiers pressed on climate change,,"The Brattleboro Reformer; Brattleboro, Vt.","Jun 26, 2007","Brattleboro, Vt.",,State,https://www.proquest.com/newspapers/premiers-pressed-on-climate-change/docview/380185577/se-2?accountid=13360,VT
1108,cap_and_trade,Senate climate bill is tough,Anonymous,"The Brattleboro Reformer; Brattleboro, Vt.","Sep 30, 2009","Brattleboro, Vt.",,News,https://www.proquest.com/newspapers/senate-climate-bill-is-tough/docview/380071679/se-2?accountid=13360,VT
1166,cap_and_trade,McCain urges market principles to reduce global warming,Anonymous,"Bennington Banner; Bennington, Vt.","May 13, 2008","Bennington, Vt.",,News,https://www.proquest.com/newspapers/mccain-urges-market-principles-reduce-global/docview/379661190/se-2?accountid=13360,VT
1173,cap_and_trade,Republican wants to keep global warming committee,Anonymous,"The Brattleboro Reformer; Brattleboro, Vt.","Nov 9, 2010","Brattleboro, Vt.",,News,https://www.proquest.com/newspapers/republican-wants-keep-global-warming-committee/docview/763063230/se-2?accountid=13360,VT
1259,cap_and_trade,"Perry attacks Romney, Obama in policy speech",,"Bennington Banner; Bennington, Vt.","Sep 30, 2011","Bennington, Vt.",,News,https://www.proquest.com/newspapers/perry-attacks-romney-obama-policy-speech/docview/895147132/se-2?accountid=13360,VT
1263,cap_and_trade,N.H. Senate OKs global warming plan,"Love, Norma","The Brattleboro Reformer; Brattleboro, Vt.","May 16, 2008","Brattleboro, Vt.",,State,https://www.proquest.com/newspapers/n-h-senate-oks-global-warming-plan/docview/380201399/se-2?accountid=13360,VT
1276,cap_and_trade,'Cap and Tax' Plan Threatens Economy,"Palin, Sarah","Valley News; White River Junction, Vt.","Jul 15, 2009","White River Junction, Vt.",A.6,Opinion,https://www.proquest.com/newspapers/cap-tax-plan-threatens-economy/docview/378677954/se-2?accountid=13360,VT
1476,cap_and_trade,Colleges put focus on global warming,"Johnson, Tim","The Burlington Free Press; Burlington, Vt.","Jan 29, 2008","Burlington, Vt.",,Vermont,https://www.proquest.com/newspapers/colleges-put-focus-on-global-warming/docview/439845610/se-2?accountid=13360,VT
1504,cap_and_trade,Court: Mercury plan ignored law,,"Bennington Banner; Bennington, Vt.","Feb 9, 2008","Bennington, Vt.",,News,https://www.proquest.com/newspapers/court-mercury-plan-ignored-law/docview/379659742/se-2?accountid=13360,VT
1565,cap_and_trade,N.H. Senators Face Pressure,"Gregg, John P","Valley News; White River Junction, Vt.","Jun 6, 2008","White River Junction, Vt.",A.1,Local/Region,https://www.proquest.com/newspapers/n-h-senators-face-pressure/docview/378708294/se-2?accountid=13360,VT
1587,cap_and_trade,Zero credibility,Report,"The Burlington Free Press; Burlington, Vt.","Mar 25, 2004","Burlington, Vt.",,Opinion,https://www.proquest.com/newspapers/zero-credibility/docview/439788193/se-2?accountid=13360,VT
1716,cap_and_trade,Column: States Would Do Better to Cooperate on Greenhouse Gas Rules,,"Valley News; White River Junction, Vt.","Mar 16, 2015","White River Junction, Vt.",,Opinion,https://www.proquest.com/newspapers/column-states-would-do-better-cooperate-on/docview/1663783654/se-2?accountid=13360,VT
1736,cap_and_trade,Obama Generates an Energy Revolution,"Mufson, Steven","Valley News; White River Junction, Vt.","Apr 11, 2009","White River Junction, Vt.",A.10,Opinion,https://www.proquest.com/newspapers/obama-generates-energy-revolution/docview/378720977/se-2?accountid=13360,VT
1750,cap_and_trade,Column: States Would Do Better to Cooperate on Greenhouse Gas Rules,,"Valley News; White River Junction, Vt.","Mar 17, 2015","White River Junction, Vt.",,Columns,https://www.proquest.com/newspapers/column-states-would-do-better-cooperate-on/docview/1664035821/se-2?accountid=13360,VT
1855,cap_and_trade,Population: The repressed dimension of global warming,"Westing, Arthur H","The Brattleboro Reformer; Brattleboro, Vt.","Mar 19, 2010","Brattleboro, Vt.",,Opinion,https://www.proquest.com/newspapers/population-repressed-dimension-global-warming/docview/380135636/se-2?accountid=13360,VT
1903,cap_and_trade,Court: EPA ignored law when it eased rules for reducing mercury pollution,"Hebert, H Josef","The Brattleboro Reformer; Brattleboro, Vt.","Feb 9, 2008","Brattleboro, Vt.",,Local,https://www.proquest.com/newspapers/court-epa-ignored-law-when-eased-rules-reducing/docview/380201037/se-2?accountid=13360,VT
2164,cap_and_trade,Senators revise climate bill to court GOP support,Anonymous,"Bennington Banner; Bennington, Vt.","Dec 10, 2009","Bennington, Vt.",,News,https://www.proquest.com/newspapers/senators-revise-climate-bill-court-gop-support/docview/379725457/se-2?accountid=13360,VT
2166,cap_and_trade,Heed mercury warnings,Report,"The Burlington Free Press; Burlington, Vt.","Aug 26, 2004","Burlington, Vt.",,Opinion,https://www.proquest.com/newspapers/heed-mercury-warnings/docview/439794273/se-2?accountid=13360,VT
2176,cap_and_trade,RGGI will create green jobs for Vt.,Gov. JAMES DOUGLAS,"The Brattleboro Reformer; Brattleboro, Vt.","Sep 19, 2008","Brattleboro, Vt.",,Opinion,https://www.proquest.com/newspapers/rggi-will-create-green-jobs-vt/docview/380275086/se-2?accountid=13360,VT
2492,cap_and_trade,Global warming plan from Bush panned in Europe,,"Bennington Banner; Bennington, Vt.","Sep 29, 2007","Bennington, Vt.",,News,https://www.proquest.com/newspapers/global-warming-plan-bush-panned-europe/docview/379667082/se-2?accountid=13360,VT
2563,cap_and_trade,Numbers that count,"Plumb, George E","The Brattleboro Reformer; Brattleboro, Vt.","Jun 8, 2009","Brattleboro, Vt.",,Opinion,https://www.proquest.com/newspapers/numbers-that-count/docview/380034742/se-2?accountid=13360,VT
2599,cap_and_trade,"Dartmouth Professor Leads Study to Unite Science, Policy on Climate Change","Corriveau, David","Valley News; White River Junction, Vt.","Mar 15, 2009","White River Junction, Vt.",B.1,Local/Region,https://www.proquest.com/newspapers/dartmouth-professor-leads-study-unite-science/docview/378712787/se-2?accountid=13360,VT
2655,cap_and_trade,The Wrong Case for Renewable Energy,"Borenstein, Severin","Valley News; White River Junction, Vt.","Feb 15, 2012","White River Junction, Vt.",A.6,Opinion,https://www.proquest.com/newspapers/wrong-case-renewable-energy/docview/921614513/se-2?accountid=13360,VT
2813,cap_and_trade,The road to Bali,,"Bennington Banner; Bennington, Vt.","Dec 6, 2007","Bennington, Vt.",,Editorials,https://www.proquest.com/newspapers/road-bali/docview/379630253/se-2?accountid=13360,VT
2817,cap_and_trade,Carbon goes on sale in N.Y.,"Matthews, Karen","The Brattleboro Reformer; Brattleboro, Vt.","Sep 26, 2008","Brattleboro, Vt.",,National,https://www.proquest.com/newspapers/carbon-goes-on-sale-n-y/docview/380230920/se-2?accountid=13360,VT
2882,cap_and_trade,Global warming is a local issue,,"Bennington Banner; Bennington, Vt.","May 13, 2014","Bennington, Vt.",,Opinion,https://www.proquest.com/newspapers/global-warming-is-local-issue/docview/1524242269/se-2?accountid=13360,VT
2926,cap_and_trade,Invest in a low-carbon future,"Replogle, John","The Burlington Free Press; Burlington, Vt.","Aug 25, 2017","Burlington, Vt.",A.15,Opinion,https://www.proquest.com/newspapers/invest-low-carbon-future/docview/1931944478/se-2?accountid=13360,VT
3273,cap_and_trade,CARLESS -- Part VI: Up in the air,"Johnson, Tim","The Burlington Free Press; Burlington, Vt.","Sep 24, 2005","Burlington, Vt.",,Living,https://www.proquest.com/newspapers/carless-part-vi-up-air/docview/439816813/se-2?accountid=13360,VT
3276,cap_and_trade,CARLESS -- Part VI: Up in the air,"Johnson, Tim","The Burlington Free Press; Burlington, Vt.","Sep 26, 2005","Burlington, Vt.",,Business Monday,https://www.proquest.com/newspapers/carless-part-vi-up-air/docview/439816136/se-2?accountid=13360,VT
3297,cap_and_trade,6. CARLESS: Up in the air,"Johnson, Tim","The Burlington Free Press; Burlington, Vt.","Sep 26, 2005","Burlington, Vt.",,Business Monday,https://www.proquest.com/newspapers/6-carless-up-air/docview/439815452/se-2?accountid=13360,VT
3437,cap_and_trade,Obama points to Vermont as a model for carbon reduction,JOHN HERRICK VTDiggerorg,"Bennington Banner; Bennington, Vt.","Jun 6, 2014","Bennington, Vt.",,News,https://www.proquest.com/newspapers/obama-points-vermont-as-model-carbon-reduction/docview/1533846576/se-2?accountid=13360,VT
3453,cap_and_trade,President's strategy includes Vt. ingenuity,"Goswami, Neal P","Bennington Banner; Bennington, Vt.","Dec 8, 2009","Bennington, Vt.",,News,https://www.proquest.com/newspapers/presidents-strategy-includes-vt-ingenuity/docview/379643901/se-2?accountid=13360,VT
3474,cap_and_trade,Mercury in air linked to power plants,"Page, Candace","The Burlington Free Press; Burlington, Vt.","Oct 22, 2006","Burlington, Vt.",,Vermont,https://www.proquest.com/newspapers/mercury-air-linked-power-plants/docview/439829931/se-2?accountid=13360,VT
3480,cap_and_trade,Obama points to Vermont as a model for carbon reduction,"Herrick, John","The Brattleboro Reformer; Brattleboro, Vt.","Jun 3, 2014","Brattleboro, Vt.",,Breaking,https://www.proquest.com/newspapers/obama-points-vermont-as-model-carbon-reduction/docview/1532014322/se-2?accountid=13360,VT
3521,cap_and_trade,Principle vs. compromise,"Kelly, Erin","The Burlington Free Press; Burlington, Vt.","Oct 28, 2007","Burlington, Vt.",,News,https://www.proquest.com/newspapers/principle-vs-compromise/docview/439841847/se-2?accountid=13360,VT
3558,cap_and_trade,Obama won't fight global warming with bear rules,"Hebert, H Josef","The Brattleboro Reformer; Brattleboro, Vt.","May 9, 2009","Brattleboro, Vt.",,National,https://www.proquest.com/newspapers/obama-wont-fight-global-warming-with-bear-rules/docview/379988218/se-2?accountid=13360,VT
3692,cap_and_trade,"Miles to go, vows to keep for Obama","Woodward, Calvin","The Brattleboro Reformer; Brattleboro, Vt.","Apr 29, 2009","Brattleboro, Vt.",,National,https://www.proquest.com/newspapers/miles-go-vows-keep-obama/docview/380301766/se-2?accountid=13360,VT
3722,cap_and_trade,Activist Bill McKibben tells why 350 is the only number you need to know,"Johnson, Tim","The Burlington Free Press; Burlington, Vt.","Oct 11, 2009","Burlington, Vt.",,Green Mountain,https://www.proquest.com/newspapers/activist-bill-mckibben-tells-why-350-is-only/docview/439876883/se-2?accountid=13360,VT
3825,cap_and_trade,Voice of the Free Press:,,"The Burlington Free Press; Burlington, Vt.","Aug 25, 2005","Burlington, Vt.",,Opinion,https://www.proquest.com/newspapers/voice-free-press/docview/439814673/se-2?accountid=13360,VT
3839,cap_and_trade,Welch: Home Star bill will boost firms,"Goswami, Neal P","Bennington Banner; Bennington, Vt.","May 3, 2010","Bennington, Vt.",,News,https://www.proquest.com/newspapers/welch-home-star-bill-will-boost-firms/docview/231628004/se-2?accountid=13360,VT
3880,cap_and_trade,Tracking change,Anonymous,"The Brattleboro Reformer; Brattleboro, Vt.","Nov 5, 2010","Brattleboro, Vt.",,Opinion,https://www.proquest.com/newspapers/tracking-change/docview/762523729/se-2?accountid=13360,VT
3921,cap_and_trade,Maine joins region global warming bill,,"The Brattleboro Reformer; Brattleboro, Vt.","Jun 19, 2007","Brattleboro, Vt.",,State,https://www.proquest.com/newspapers/maine-joins-region-global-warming-bill/docview/380113881/se-2?accountid=13360,VT
3979,cap_and_trade,Vermont fights mercury,Report,"The Burlington Free Press; Burlington, Vt.","Jul 1, 2004","Burlington, Vt.",,Opinion,https://www.proquest.com/newspapers/vermont-fights-mercury/docview/439793945/se-2?accountid=13360,VT
4003,cap_and_trade,Mercury fight heats up,,"The Burlington Free Press; Burlington, Vt.","Jul 6, 2005","Burlington, Vt.",,Opinion,https://www.proquest.com/newspapers/mercury-fight-heats-up/docview/439814442/se-2?accountid=13360,VT
4039,cap_and_trade,"Lieberman down, not out, on climate",Anonymous,"The Brattleboro Reformer; Brattleboro, Vt.","Jul 27, 2009","Brattleboro, Vt.",,News,https://www.proquest.com/newspapers/lieberman-down-not-out-on-climate/docview/380030172/se-2?accountid=13360,VT
4040,cap_and_trade,EPA head speaks on mercury emissions,,"Bennington Banner; Bennington, Vt.","Mar 5, 2008","Bennington, Vt.",,News,https://www.proquest.com/newspapers/epa-head-speaks-on-mercury-emissions/docview/379665357/se-2?accountid=13360,VT
4093,cap_and_trade,Obama: 'Cynical claims' attacking energy bill,"Elliott, Philip","The Brattleboro Reformer; Brattleboro, Vt.","Oct 23, 2009","Brattleboro, Vt.",,News,https://www.proquest.com/newspapers/obama-cynical-claims-attacking-energy-bill/docview/380093233/se-2?accountid=13360,VT
4102,cap_and_trade,No. 4: Regulation of existing power plants,"Jones, Kevin; Ozaeta, Mychal","The Burlington Free Press; Burlington, Vt.","Jan 19, 2014","Burlington, Vt.",4,C,https://www.proquest.com/newspapers/no-4-regulation-existing-power-plants/docview/1487884858/se-2?accountid=13360,VT
4105,cap_and_trade,N.H. House sends global warming initiative to governor,Anonymous,"The Brattleboro Reformer; Brattleboro, Vt.","May 21, 2008","Brattleboro, Vt.",,Breaking,https://www.proquest.com/newspapers/n-h-house-sends-global-warming-initiative/docview/380241853/se-2?accountid=13360,VT
4107,cap_and_trade,Revving up the 'pace car',Anonymous,"The Brattleboro Reformer; Brattleboro, Vt.","May 30, 2009","Brattleboro, Vt.",,Editorials,https://www.proquest.com/newspapers/revving-up-pace-car/docview/379993653/se-2?accountid=13360,VT
4177,cap_and_trade,Shysters as 'do-gooders',Anonymous,"Bennington Banner; Bennington, Vt.","Dec 15, 2009","Bennington, Vt.",,Opinion,https://www.proquest.com/newspapers/shysters-as-do-gooders/docview/379660508/se-2?accountid=13360,VT
4203,cap_and_trade,Gore takes fight to Congress,The Associated Press,"The Brattleboro Reformer; Brattleboro, Vt.","Mar 22, 2007","Brattleboro, Vt.",,National,https://www.proquest.com/newspapers/gore-takes-fight-congress/docview/380168181/se-2?accountid=13360,VT
4220,cap_and_trade,Nuclear's role in cutting carbon emissions,Anonymous,"The Brattleboro Reformer; Brattleboro, Vt.","Jul 24, 2009","Brattleboro, Vt.",,Opinion,https://www.proquest.com/newspapers/nuclears-role-cutting-carbon-emissions/docview/380033034/se-2?accountid=13360,VT
4288,cap_and_trade,Makeover takeover,Columnists,"Bennington Banner; Bennington, Vt.","Mar 3, 2008","Bennington, Vt.",,Columnists,https://www.proquest.com/newspapers/makeover-takeover/docview/379676435/se-2?accountid=13360,VT
4293,cap_and_trade,A consideration for the future of sustainable energy,,"The Burlington Free Press; Burlington, Vt.","Jul 2, 2014","Burlington, Vt.",10,A,https://www.proquest.com/newspapers/consideration-future-sustainable-energy/docview/1542028735/se-2?accountid=13360,VT
4358,cap_and_trade,Colleges hold green 'teach-in',"Silverman, Julia","The Brattleboro Reformer; Brattleboro, Vt.","Feb 1, 2008","Brattleboro, Vt.",,Local,https://www.proquest.com/newspapers/colleges-hold-green-teach/docview/380185267/se-2?accountid=13360,VT
4375,cap_and_trade,Right move on climate,,"Bennington Banner; Bennington, Vt.","Jun 3, 2014","Bennington, Vt.",,Opinion,https://www.proquest.com/newspapers/right-move-on-climate/docview/1532052118/se-2?accountid=13360,VT
4395,cap_and_trade,Climate change plan unveiled,Anonymous,"Bennington Banner; Bennington, Vt.","Oct 8, 2008","Bennington, Vt.",,News,https://www.proquest.com/newspapers/climate-change-plan-unveiled/docview/379674324/se-2?accountid=13360,VT
4494,cap_and_trade,Carbon 'auction' begins for Northeast,Anonymous,"Bennington Banner; Bennington, Vt.","Sep 26, 2008","Bennington, Vt.",,News,https://www.proquest.com/newspapers/carbon-auction-begins-northeast/docview/379591513/se-2?accountid=13360,VT
4523,cap_and_trade,Tax prospects for 2013,"McCLAUGHRY, JOHN","The Brattleboro Reformer; Brattleboro, Vt.","Dec 3, 2012","Brattleboro, Vt.",,Opinion,https://www.proquest.com/newspapers/tax-prospects-2013/docview/1221154170/se-2?accountid=13360,VT
4738,cap_and_trade,What I'm hoping for in the New Year,,"The Brattleboro Reformer; Brattleboro, Vt.","Jan 1, 2013","Brattleboro, Vt.",,Opinion,https://www.proquest.com/newspapers/what-im-hoping-new-year/docview/1265903477/se-2?accountid=13360,VT
4835,cap_and_trade,Bush proposes new climate change strategy,"Hebert, H Josef","The Brattleboro Reformer; Brattleboro, Vt.","Apr 16, 2008","Brattleboro, Vt.",,News,https://www.proquest.com/newspapers/bush-proposes-new-climate-change-strategy/docview/380127398/se-2?accountid=13360,VT
4875,cap_and_trade,Welch raps bill on EPA changes,"Garofolo, Chris","The Brattleboro Reformer; Brattleboro, Vt.","Apr 8, 2011","Brattleboro, Vt.",,News,https://www.proquest.com/newspapers/welch-raps-bill-on-epa-changes/docview/861737165/se-2?accountid=13360,VT
4916,cap_and_trade,N.H. House GOP Sets Jobs Agenda,"Gregg, John P","Valley News; White River Junction, Vt.","Feb 3, 2012","White River Junction, Vt.",A.1,Local/Region,https://www.proquest.com/newspapers/n-h-house-gop-sets-jobs-agenda/docview/919694342/se-2?accountid=13360,VT
4966,cap_and_trade,Column: Climate Change: An Urgent Debate,"MacCracken, Michael; McCarthy, James J","Valley News; White River Junction, Vt.","Dec 9, 2012","White River Junction, Vt.",,Opinion,https://www.proquest.com/newspapers/column-climate-change-urgent-debate/docview/1316147397/se-2?accountid=13360,VT
5075,cap_and_trade,Democrats battle to cut mid-term election losses,Anonymous,"Bennington Banner; Bennington, Vt.","Sep 7, 2010","Bennington, Vt.",,News,https://www.proquest.com/newspapers/democrats-battle-cut-mid-term-election-losses/docview/749869822/se-2?accountid=13360,VT
5138,cap_and_trade,Congress Has a Solid Record of Accomplishment,"Ornstein, Norman","Valley News; White River Junction, Vt.","Feb 7, 2010","White River Junction, Vt.",E.3,Opinion,https://www.proquest.com/newspapers/congress-has-solid-record-accomplishment/docview/378725914/se-2?accountid=13360,VT
5185,cap_and_trade,Letters,Anonymous,"The Brattleboro Reformer; Brattleboro, Vt.","Sep 3, 2009","Brattleboro, Vt.",,Opinion,https://www.proquest.com/newspapers/letters/docview/380063720/se-2?accountid=13360,VT
5274,cap_and_trade,Our opinion: A time bomb of willful ignorance,,"The Brattleboro Reformer; Brattleboro, Vt.","Aug 13, 2013","Brattleboro, Vt.",,Opinion,https://www.proquest.com/newspapers/our-opinion-time-bomb-willful-ignorance/docview/1419789893/se-2?accountid=13360,VT
5358,cap_and_trade,No Mountain Is Immovable in Washington,"Bennett, Matt; Cowan, Jonathan","Valley News; White River Junction, Vt.","Aug 5, 2012","White River Junction, Vt.",F.3,Opinion,https://www.proquest.com/newspapers/no-mountain-is-immovable-washington/docview/1033176835/se-2?accountid=13360,VT
5583,cap_and_trade,Man in the Middle,"Gregg, John P","Valley News; White River Junction, Vt.","May 15, 2011","White River Junction, Vt.",A.1,Front Page,https://www.proquest.com/newspapers/man-middle/docview/867025426/se-2?accountid=13360,VT
5674,carbon_tax,Hold polluters responsible with carbon tax,"Ellenbogen, David","The Burlington Free Press; Burlington, Vt.","Mar 19, 2015","Burlington, Vt.",12,A,https://www.proquest.com/newspapers/hold-polluters-responsible-with-carbon-tax/docview/1664438644/se-2?accountid=13360,VT
5687,carbon_tax,Forum: Case for a Carbon Tax; Helping Refugees; Mistakes of the Past,,"Valley News; White River Junction, Vt.","Dec 24, 2015","White River Junction, Vt.",,Opinion,https://www.proquest.com/newspapers/forum-case-carbon-tax-helping-refugees-mistakes/docview/1751629631/se-2?accountid=13360,VT
5695,carbon_tax,Carbon tax about responsibility,,"The Burlington Free Press; Burlington, Vt.","Feb 19, 2016","Burlington, Vt.",A.11,Opinion,https://www.proquest.com/newspapers/carbon-tax-about-responsibility/docview/1766903835/se-2?accountid=13360,VT
5749,carbon_tax,Can 'carbon tax' help?,"McLean, Dan","The Burlington Free Press; Burlington, Vt.","Apr 21, 2007","Burlington, Vt.",,Business,https://www.proquest.com/newspapers/can-carbon-tax-help/docview/439835876/se-2?accountid=13360,VT
5752,carbon_tax,Carbon tax is about affordability,Cindy Humiston Weed,"The Burlington Free Press; Burlington, Vt.","Nov 29, 2015","Burlington, Vt.",A.19,Opinion,https://www.proquest.com/newspapers/carbon-tax-is-about-affordability/docview/1737163102/se-2?accountid=13360,VT
5789,carbon_tax,Carbon tax no pie-in-the-sky,,"The Burlington Free Press; Burlington, Vt.","May 22, 2016","Burlington, Vt.",A.11,Opinion,https://www.proquest.com/newspapers/carbon-tax-no-pie-sky/docview/1790252243/se-2?accountid=13360,VT
5941,carbon_tax,Musk's dance with Trump: Many wonder what environment-friendly CEO can gain from 'weird' bromance,Marco della Cava,"The Burlington Free Press; Burlington, Vt.","Feb 3, 2017","Burlington, Vt.",B.5,Business,https://www.proquest.com/newspapers/musks-dance-with-trump/docview/1864919223/se-2?accountid=13360,VT
5945,carbon_tax,Editorial: The Upside of Carbon Taxes,,"Valley News; White River Junction, Vt.","Oct 3, 2014","White River Junction, Vt.",,Editorials,https://www.proquest.com/newspapers/editorial-upside-carbon-taxes/docview/1574872994/se-2?accountid=13360,VT
6005,carbon_tax,Claim Sarkozy used short people as props hits Web,Anonymous,"Bennington Banner; Bennington, Vt.","Sep 8, 2009","Bennington, Vt.",,News,https://www.proquest.com/newspapers/claim-sarkozy-used-short-people-as-props-hits-web/docview/379690727/se-2?accountid=13360,VT
6082,carbon_tax,Democrats Won’t Miss Moore,,"Valley News; White River Junction, Vt.","Dec 20, 2017","White River Junction, Vt.",7,,https://www.proquest.com/newspapers/democrats-won-t-miss-moore/docview/1978568488/se-2?accountid=13360,VT
6106,carbon_tax,Gubernatorial candidates tackle the economy in Digger Dialogue,Jasper Craven VTDiggerorg,"Bennington Banner; Bennington, Vt.","Nov 8, 2015","Bennington, Vt.",,News,https://www.proquest.com/newspapers/gubernatorial-candidates-tackle-economy-digger/docview/1731812955/se-2?accountid=13360,VT
6126,carbon_tax,Shumlin Signs Vt. Energy Bill,"Olsen, Sarah","Valley News; White River Junction, Vt.","Jun 12, 2015","White River Junction, Vt.",,News,https://www.proquest.com/newspapers/shumlin-signs-vt-energy-bill/docview/1687765153/se-2?accountid=13360,VT
6174,carbon_tax,Vermont Chamber compiles list of burdens on business,"D'Ambrosio, Dan","The Burlington Free Press; Burlington, Vt.","Oct 29, 2015","Burlington, Vt.",7,D,https://www.proquest.com/newspapers/vermont-chamber-compiles-list-burdens-on-business/docview/1727970716/se-2?accountid=13360,VT
6180,carbon_tax,An Independent Voter’s View,,"Valley News; White River Junction, Vt.","Oct 30, 2018","White River Junction, Vt.",7,,https://www.proquest.com/newspapers/independent-voter-s-view/docview/2126766336/se-2?accountid=13360,VT
6183,carbon_tax,Four in Hartford Run  For Two Vt. House Seats,"Hongoltz-Hetling, Matt","Valley News; White River Junction, Vt.","Oct 9, 2016","White River Junction, Vt.",1,,https://www.proquest.com/newspapers/four-hartford-run-xa0-two-vt-house-seats/docview/1903934201/se-2?accountid=13360,VT
6250,carbon_tax,Republican wants to keep global warming committee,Anonymous,"The Brattleboro Reformer; Brattleboro, Vt.","Nov 9, 2010","Brattleboro, Vt.",,News,https://www.proquest.com/newspapers/republican-wants-keep-global-warming-committee/docview/763063230/se-2?accountid=13360,VT
6266,carbon_tax,Sanders to introduce global climate legislation,"Sutkoski, Matt","The Burlington Free Press; Burlington, Vt.","Jan 10, 2013","Burlington, Vt.",,Politics And Government,https://www.proquest.com/newspapers/sanders-introduce-global-climate-legislation/docview/1268675394/se-2?accountid=13360,VT
6270,carbon_tax,Sanders to introduce climate legislation,"Sutkoski, Matt","The Burlington Free Press; Burlington, Vt.","Jan 11, 2013","Burlington, Vt.",B.8,Vermont,https://www.proquest.com/newspapers/sanders-introduce-climate-legislation/docview/1268675209/se-2?accountid=13360,VT
6324,carbon_tax,Bill that cuts customer costs and raises efficiency is signed into law,Sarah Olsen VTDiggerorg,"Bennington Banner; Bennington, Vt.","Jun 12, 2015","Bennington, Vt.",,News,https://www.proquest.com/newspapers/bill-that-cuts-customer-costs-raises-efficiency/docview/1687829127/se-2?accountid=13360,VT
6380,carbon_tax,Conference Focus: Climate Action,"Wolfe, Rob","Valley News; White River Junction, Vt.","Dec 4, 2016","White River Junction, Vt.",1,,https://www.proquest.com/newspapers/conference-focus-climate-action/docview/1902126595/se-2?accountid=13360,VT
6424,carbon_tax,Independent Vies for Norwich-Area Seat: Drop Head Drop Head Drop Head,"Wolfe, Rob","Valley News; White River Junction, Vt.","Oct 31, 2014","White River Junction, Vt.",,Thetford,https://www.proquest.com/newspapers/independent-vies-norwich-area-seat/docview/1618978387/se-2?accountid=13360,VT
6503,carbon_tax,A Dire Warning,,"Valley News; White River Junction, Vt.","Oct 11, 2018","White River Junction, Vt.",6,,https://www.proquest.com/newspapers/dire-warning/docview/2117686568/se-2?accountid=13360,VT
6509,carbon_tax,On the issues: Lt. gov. candidates,"McCullum, April","The Burlington Free Press; Burlington, Vt.","Nov 3, 2016","Burlington, Vt.",A.5,News,https://www.proquest.com/newspapers/on-issues-lt-gov-candidates/docview/1835635780/se-2?accountid=13360,VT
6533,carbon_tax,"One Will Lose in Windsor, Hartland Race",Jordan Cuddemi,"Valley News; White River Junction, Vt.","Oct 27, 2018","White River Junction, Vt.",1,,https://www.proquest.com/newspapers/one-will-lose-windsor-hartland-race/docview/2125573756/se-2?accountid=13360,VT
6548,carbon_tax,CARLESS -- Part VI: Up in the air,"Johnson, Tim","The Burlington Free Press; Burlington, Vt.","Sep 26, 2005","Burlington, Vt.",,Business Monday,https://www.proquest.com/newspapers/carless-part-vi-up-air/docview/439816136/se-2?accountid=13360,VT
6565,carbon_tax,CARLESS -- Part VI: Up in the air,"Johnson, Tim","The Burlington Free Press; Burlington, Vt.","Sep 24, 2005","Burlington, Vt.",,Living,https://www.proquest.com/newspapers/carless-part-vi-up-air/docview/439816813/se-2?accountid=13360,VT
6588,carbon_tax,6. CARLESS: Up in the air,"Johnson, Tim","The Burlington Free Press; Burlington, Vt.","Sep 26, 2005","Burlington, Vt.",,Business Monday,https://www.proquest.com/newspapers/6-carless-up-air/docview/439815452/se-2?accountid=13360,VT
6612,carbon_tax,Vermont winter Olympians call for action on climate change,JOHN HERRICK VTDiggerorg,"Bennington Banner; Bennington, Vt.","Apr 29, 2014","Bennington, Vt.",,News,https://www.proquest.com/newspapers/vermont-winter-olympians-call-action-on-climate/docview/1519624199/se-2?accountid=13360,VT
6614,carbon_tax,Group: Replacing VY with renewables 'unproven',"Audette, Bob","The Brattleboro Reformer; Brattleboro, Vt.","Oct 7, 2009","Brattleboro, Vt.",,News,https://www.proquest.com/newspapers/group-replacing-vy-with-renewables-unproven/docview/380110909/se-2?accountid=13360,VT
6630,carbon_tax,Letter to the editor: Bruce Lisman is the competent economic leader that we need,,"Bennington Banner; Bennington, Vt.","Jun 21, 2016","Bennington, Vt.",,Opinion,https://www.proquest.com/newspapers/letter-editor-bruce-lisman-is-competent-economic/docview/1798363025/se-2?accountid=13360,VT
6654,carbon_tax,Ex-U.S. Rep. Receives JFK Courage Award For Climate Stance,,"Valley News; White River Junction, Vt.","May 4, 2015","White River Junction, Vt.",,State / Region,https://www.proquest.com/newspapers/ex-u-s-rep-receives-jfk-courage-award-climate/docview/1678248186/se-2?accountid=13360,VT
6665,carbon_tax,Another view: The climate crisis and hop,"Gainza, Josesph","The Brattleboro Reformer; Brattleboro, Vt.","Dec 21, 2015","Brattleboro, Vt.",,Opinion,https://www.proquest.com/newspapers/another-view-climate-crisis-hop/docview/1752080344/se-2?accountid=13360,VT
6822,carbon_tax,House speaker asks all members to work on climate change,"McCullum, April","The Burlington Free Press; Burlington, Vt.","Jan 4, 2018","Burlington, Vt.",A.9,News,https://www.proquest.com/newspapers/house-speaker-asks-all-members-work-on-climate/docview/1984035554/se-2?accountid=13360,VT
6836,carbon_tax,In their words: On health care: About this series,,"The Burlington Free Press; Burlington, Vt.","Jan 5, 2015","Burlington, Vt.",7,A,https://www.proquest.com/newspapers/their-words-on-health-care/docview/1641844513/se-2?accountid=13360,VT
6852,carbon_tax,Shumlin to Speak at Paris Climate Conference,"Craven, Jasper","Valley News; White River Junction, Vt.","Dec 2, 2015","White River Junction, Vt.",,News,https://www.proquest.com/newspapers/shumlin-speak-at-paris-climate-conference/docview/1738637360/se-2?accountid=13360,VT
6913,carbon_tax,A Life in Activism: Strafford Resident Gus Speth Traces Environmentalism To Civil Rights In New Memoir,"Johnston, Warren","Valley News; White River Junction, Vt.","Nov 6, 2014","White River Junction, Vt.",,Life & Times,https://www.proquest.com/newspapers/life-activism/docview/1621163290/se-2?accountid=13360,VT
6924,carbon_tax,Strafford Resident Traces Environmentalism To Civil Rights In New Memoir,"Johnston, Warren","Valley News; White River Junction, Vt.","Nov 7, 2014","White River Junction, Vt.",,Strafford,https://www.proquest.com/newspapers/strafford-resident-traces-environmentalism-civil/docview/1629551844/se-2?accountid=13360,VT
7107,carbon_tax,350Bennington: Organizational meeting slated for Wednesday,"Damon, Edward","Bennington Banner; Bennington, Vt.","May 4, 2016","Bennington, Vt.",,News,https://www.proquest.com/newspapers/350bennington-organizational-meeting-slated/docview/1786558530/se-2?accountid=13360,VT
7118,carbon_tax,Joe Benning: Destroying our state to save it,"Benning, Joe","The Brattleboro Reformer; Brattleboro, Vt.","Aug 21, 2015","Brattleboro, Vt.",,Opinion,https://www.proquest.com/newspapers/joe-benning-destroying-our-state-save/docview/1705973039/se-2?accountid=13360,VT
7147,carbon_tax,Bernie Sanders in Michigan: 'You are the future of the country',"Gray, Kathleen","The Burlington Free Press; Burlington, Vt.","Feb 16, 2016","Burlington, Vt.",A.11,News,https://www.proquest.com/newspapers/bernie-sanders-michigan-you-are-future-country/docview/1765332768/se-2?accountid=13360,VT
7186,carbon_tax,Population: The repressed dimension of global warming,"Westing, Arthur H","The Brattleboro Reformer; Brattleboro, Vt.","Mar 19, 2010","Brattleboro, Vt.",,Opinion,https://www.proquest.com/newspapers/population-repressed-dimension-global-warming/docview/380135636/se-2?accountid=13360,VT
7264,carbon_tax,In their words: Officials speak on taxes: About this series,,"The Burlington Free Press; Burlington, Vt.","Jan 11, 2015","Burlington, Vt.",6,A,https://www.proquest.com/newspapers/their-words-officials-speak-on-taxes/docview/1644470610/se-2?accountid=13360,VT
7293,carbon_tax,Activist Bill McKibben tells why 350 is the only number you need to know,"Johnson, Tim","The Burlington Free Press; Burlington, Vt.","Oct 11, 2009","Burlington, Vt.",,Green Mountain,https://www.proquest.com/newspapers/activist-bill-mckibben-tells-why-350-is-only/docview/439876883/se-2?accountid=13360,VT
7351,carbon_tax,Opinion: Tax holds polluters accountable: Tax holds polluters accountable,,"The Burlington Free Press; Burlington, Vt.","Apr 24, 2015","Burlington, Vt.",12,A,https://www.proquest.com/newspapers/opinion-tax-holds-polluters-accountable/docview/1675639628/se-2?accountid=13360,VT
7414,carbon_tax,Their Opinion: A turning tide,,"The Brattleboro Reformer; Brattleboro, Vt.","Sep 29, 2014","Brattleboro, Vt.",,Opinion,https://www.proquest.com/newspapers/their-opinion-turning-tide/docview/1566154000/se-2?accountid=13360,VT
7517,carbon_tax,Ethan Allen: Vermont could learn from Google's energy policy,"Roper, Rob","The Brattleboro Reformer; Brattleboro, Vt.","Feb 15, 2015","Brattleboro, Vt.",,Opinion,https://www.proquest.com/newspapers/ethan-allen-vermont-could-learn-googles-energy/docview/1655192247/se-2?accountid=13360,VT
7525,carbon_tax,Retweet by Bernie Sanders' wife Jane raises questions,"Gaudiano, Nicole","The Burlington Free Press; Burlington, Vt.","Sep 27, 2016","Burlington, Vt.",A.11,News,https://www.proquest.com/newspapers/retweet-bernie-sanders-wife-jane-raises-questions/docview/1823484675/se-2?accountid=13360,VT
7533,carbon_tax,Keep up fight to cut climate change risk,Madison Dell,"The Burlington Free Press; Burlington, Vt.","Jan 19, 2015","Burlington, Vt.",8,A,https://www.proquest.com/newspapers/keep-up-fight-cut-climate-change-risk/docview/1646674310/se-2?accountid=13360,VT
7604,carbon_tax,"Few state employees, retirees opt for carbon-free investments",John Herrick VTDiggerorg,"Bennington Banner; Bennington, Vt.","May 5, 2015","Bennington, Vt.",,News,https://www.proquest.com/newspapers/few-state-employees-retirees-opt-carbon-free/docview/1678821865/se-2?accountid=13360,VT
7628,carbon_tax,Summit seeks to combine jobs and climate,Anonymous,"Bennington Banner; Bennington, Vt.","Nov 15, 2010","Bennington, Vt.",,News,https://www.proquest.com/newspapers/summit-seeks-combine-jobs-climate/docview/784632388/se-2?accountid=13360,VT
7654,carbon_tax,A vision for tackling issues facing residents of Vermont,"Brock, Randy","The Burlington Free Press; Burlington, Vt.","Nov 6, 2016","Burlington, Vt.",A.18,Opinion,https://www.proquest.com/newspapers/vision-tackling-issues-facing-residents-vermont/docview/1836709079/se-2?accountid=13360,VT
7667,carbon_tax,John Gregg: Health Care Hangover,,"Valley News; White River Junction, Vt.","Apr 2, 2015","White River Junction, Vt.",,News,https://www.proquest.com/newspapers/john-gregg-health-care-hangover/docview/1669862201/se-2?accountid=13360,VT
7715,carbon_tax,Engaging the unengaged in climate change,,"The Brattleboro Reformer; Brattleboro, Vt.","May 19, 2014","Brattleboro, Vt.",,Opinion,https://www.proquest.com/newspapers/engaging-unengaged-climate-change/docview/1525796657/se-2?accountid=13360,VT
7736,carbon_tax,Tax prospects for 2013,"McCLAUGHRY, JOHN","The Brattleboro Reformer; Brattleboro, Vt.","Dec 3, 2012","Brattleboro, Vt.",,Opinion,https://www.proquest.com/newspapers/tax-prospects-2013/docview/1221154170/se-2?accountid=13360,VT
7748,carbon_tax,Climate change is back,"Hallenbeck, Terri","The Burlington Free Press; Burlington, Vt.","Jul 27, 2007","Burlington, Vt.",,News,https://www.proquest.com/newspapers/climate-change-is-back/docview/439838994/se-2?accountid=13360,VT
7785,carbon_tax,Your opinions,,"The Brattleboro Reformer; Brattleboro, Vt.","Dec 1, 2014","Brattleboro, Vt.",,Opinion,https://www.proquest.com/newspapers/your-opinions/docview/1629412123/se-2?accountid=13360,VT
7821,carbon_tax,A Map for Democrats,,"Valley News; White River Junction, Vt.","Dec 1, 2016","White River Junction, Vt.",1,,https://www.proquest.com/newspapers/map-democrats/docview/1903526934/se-2?accountid=13360,VT
7834,carbon_tax,What I'm hoping for in the New Year,,"The Brattleboro Reformer; Brattleboro, Vt.","Jan 1, 2013","Brattleboro, Vt.",,Opinion,https://www.proquest.com/newspapers/what-im-hoping-new-year/docview/1265903477/se-2?accountid=13360,VT
7835,carbon_tax,Will Obama be a climate president?,,"The Brattleboro Reformer; Brattleboro, Vt.","Nov 26, 2012","Brattleboro, Vt.",,Opinion,https://www.proquest.com/newspapers/will-obama-be-climate-president/docview/1197511037/se-2?accountid=13360,VT
7852,carbon_tax,Column: Climate Change: An Urgent Debate,"MacCracken, Michael; McCarthy, James J","Valley News; White River Junction, Vt.","Dec 9, 2012","White River Junction, Vt.",,Opinion,https://www.proquest.com/newspapers/column-climate-change-urgent-debate/docview/1316147397/se-2?accountid=13360,VT
7898,carbon_tax,What You’d Get With Trump,,"Valley News; White River Junction, Vt.","Oct 22, 2016","White River Junction, Vt.",7,,https://www.proquest.com/newspapers/what-you-d-get-with-trump/docview/1903488127/se-2?accountid=13360,VT
7904,carbon_tax,"Budget Watch: State employees, Medicaid likely to take a hit",Anne Galloway VTDigger,"The Brattleboro Reformer; Brattleboro, Vt.","Dec 8, 2014","Brattleboro, Vt.",,Breaking,https://www.proquest.com/newspapers/budget-watch-state-employees-medicaid-likely-take/docview/1634501818/se-2?accountid=13360,VT
7911,carbon_tax,Dodd ends N.H. campaign swing with call for energy independence,"Heintz, Paul H","The Brattleboro Reformer; Brattleboro, Vt.","Apr 23, 2007","Brattleboro, Vt.",,Local,https://www.proquest.com/newspapers/dodd-ends-n-h-campaign-swing-with-call-energy/docview/380116540/se-2?accountid=13360,VT
7956,carbon_tax,Brattleboro rep runs agains,"Mays, Chris","The Brattleboro Reformer; Brattleboro, Vt.","May 6, 2016","Brattleboro, Vt.",,News,https://www.proquest.com/newspapers/brattleboro-rep-runs-agains/docview/1787271816/se-2?accountid=13360,VT
7976,carbon_tax,Dangerous Ideas on Education in N.H.,,"Valley News; White River Junction, Vt.","Oct 27, 2018","White River Junction, Vt.",7,,https://www.proquest.com/newspapers/dangerous-ideas-on-education-n-h/docview/2125573489/se-2?accountid=13360,VT
7997,carbon_tax,Major bill debates to resume,"Landen, Xander; Norton, Kit","Valley News; White River Junction, Vt.","Jan 6, 2020","White River Junction, Vt.",1,,https://www.proquest.com/newspapers/major-bill-debates-resume/docview/2333541063/se-2?accountid=13360,VT
8024,carbon_tax,Colleges put focus on global warming,"Johnson, Tim","The Burlington Free Press; Burlington, Vt.","Jan 29, 2008","Burlington, Vt.",,Vermont,https://www.proquest.com/newspapers/colleges-put-focus-on-global-warming/docview/439845610/se-2?accountid=13360,VT
8040,carbon_tax,Fairlee Climate Event Draws Crowd,"Pendak, Jared","Valley News; White River Junction, Vt.","Dec 2, 2018","White River Junction, Vt.",1,,https://www.proquest.com/newspapers/fairlee-climate-event-draws-crowd/docview/2140437305/se-2?accountid=13360,VT
8060,carbon_tax,Bookstores Help Us Dive Into Other Worlds,,"Valley News; White River Junction, Vt.","Oct 19, 2018","White River Junction, Vt.",7,,https://www.proquest.com/newspapers/bookstores-help-us-dive-into-other-worlds/docview/2122251019/se-2?accountid=13360,VT
8169,carbon_tax,Today's Calendar,,"Bennington Banner; Bennington, Vt.","Aug 5, 2016","Bennington, Vt.",,News,https://www.proquest.com/newspapers/todays-calendar/docview/1809162285/se-2?accountid=13360,VT
8170,carbon_tax,Today's Calendar,,"Bennington Banner; Bennington, Vt.","Aug 4, 2016","Bennington, Vt.",,News,https://www.proquest.com/newspapers/todays-calendar/docview/1809073993/se-2?accountid=13360,VT
8379,demand-side_management,Utilities put best foot forward but fail to recognize energy crisis,"Darrow, Steve","The Brattleboro Reformer; Brattleboro, Vt.","Aug 25, 2007","Brattleboro, Vt.",,Columnists,https://www.proquest.com/newspapers/utilities-put-best-foot-forward-fail-recognize/docview/380156935/se-2?accountid=13360,VT
8452,demand-side_management,Recent VY incident may have legislative impact,"Heintz, Paul H","The Brattleboro Reformer; Brattleboro, Vt.","Aug 29, 2007","Brattleboro, Vt.",,News,https://www.proquest.com/newspapers/recent-vy-incident-may-have-legislative-impact/docview/380178146/se-2?accountid=13360,VT
8470,demand-side_management,Letters to the Editor,,"The Burlington Free Press; Burlington, Vt.","Sep 2, 2003","Burlington, Vt.",,Readers Forum,https://www.proquest.com/newspapers/letters-editor/docview/439782718/se-2?accountid=13360,VT
8487,EERS,The 'Green' Economy: How green are my jobs?,"Johnson, Tim","The Burlington Free Press; Burlington, Vt.","Apr 24, 2011","Burlington, Vt.",,Green Mountain,https://www.proquest.com/newspapers/green-economy-how-are-my-jobs/docview/863781870/se-2?accountid=13360,VT
8572,demand-side_management,Recent VY incident may have legislative impact,"Heintz, Paul H","The Brattleboro Reformer; Brattleboro, Vt.","Aug 29, 2007","Brattleboro, Vt.",,News,https://www.proquest.com/newspapers/recent-vy-incident-may-have-legislative-impact/docview/380178146/se-2?accountid=13360,VT
8590,demand-side_management,Letters to the Editor,,"The Burlington Free Press; Burlington, Vt.","Sep 2, 2003","Burlington, Vt.",,Readers Forum,https://www.proquest.com/newspapers/letters-editor/docview/439782718/se-2?accountid=13360,VT
8607,EERS,The 'Green' Economy: How green are my jobs?,"Johnson, Tim","The Burlington Free Press; Burlington, Vt.","Apr 24, 2011","Burlington, Vt.",,Green Mountain,https://www.proquest.com/newspapers/green-economy-how-are-my-jobs/docview/863781870/se-2?accountid=13360,VT
9258,gas_tax,Mass. governor considers a 27-cent gasoline tax,Anonymous,"Bennington Banner; Bennington, Vt.","Feb 10, 2009","Bennington, Vt.",,Business,https://www.proquest.com/newspapers/mass-governor-considers-27-cent-gasoline-tax/docview/379720167/se-2?accountid=13360,VT
9405,gas_tax,"Between State Bridges and Money, a Worrisome Gap: [Daily Edition]","Gregg, John P","Valley News; White River Junction, Vt.","Aug 9, 2007","White River Junction, Vt.",,Local/Region,https://www.proquest.com/newspapers/between-state-bridges-money-worrisome-gap/docview/378685220/se-2?accountid=13360,VT
9414,gas_tax,"Clinton, Obama spar on gas",Anonymous,"The Brattleboro Reformer; Brattleboro, Vt.","Apr 29, 2008","Brattleboro, Vt.",,National,https://www.proquest.com/newspapers/clinton-obama-spar-on-gas/docview/380209781/se-2?accountid=13360,VT
9504,gas_tax,Senate Assignments,"Gregg, John P","Valley News; White River Junction, Vt.","Dec 4, 2008","White River Junction, Vt.",A.2,Local/Region,https://www.proquest.com/newspapers/senate-assignments/docview/378706819/se-2?accountid=13360,VT
9683,gas_tax,$100M in Vermont highway projects stalled,"Galloway, Anne","The Brattleboro Reformer; Brattleboro, Vt.","Jul 10, 2014","Brattleboro, Vt.",,News,https://www.proquest.com/newspapers/100m-vermont-highway-projects-stalled/docview/1544414956/se-2?accountid=13360,VT
9720,gas_tax,ELECTION 2004:Chittenden House Races,Report,"The Burlington Free Press; Burlington, Vt.","Oct 21, 2004","Burlington, Vt.",,Towns,https://www.proquest.com/newspapers/election-2004-chittenden-house-races/docview/439800989/se-2?accountid=13360,VT
9753,gas_tax,ELECTION 2008: Chittenden House races,,"The Burlington Free Press; Burlington, Vt.","Oct 22, 2008","Burlington, Vt.",,Community,https://www.proquest.com/newspapers/election-2008-chittenden-house-races/docview/439857174/se-2?accountid=13360,VT
9758,gas_tax,New energy plan highlights transportation changes post-Irene,"Garofolo, Chris","The Brattleboro Reformer; Brattleboro, Vt.","Dec 16, 2011","Brattleboro, Vt.",,News,https://www.proquest.com/newspapers/new-energy-plan-highlights-transportation-changes/docview/911715627/se-2?accountid=13360,VT
9821,gas_tax,"States looking to new tolls to pay for expanding, repairing highways",,"Bennington Banner; Bennington, Vt.","May 25, 2012","Bennington, Vt.",,Business,https://www.proquest.com/newspapers/states-looking-new-tolls-pay-expanding-repairing/docview/1016358541/se-2?accountid=13360,VT
9935,gas_tax,New Rules For Autos: Good for GM and the Earth ---,Anonymous,"Valley News; White River Junction, Vt.","May 23, 2009","White River Junction, Vt.",A.10,Opinion,https://www.proquest.com/newspapers/new-rules-autos/docview/378716625/se-2?accountid=13360,VT
10042,gas_tax,Letters,Anonymous,"Bennington Banner; Bennington, Vt.","Dec 10, 2008","Bennington, Vt.",,Opinion,https://www.proquest.com/newspapers/letters/docview/379716045/se-2?accountid=13360,VT
10054,gas_tax,"Groups drum up funds to fix roads, bridges","Jansen, Bart","The Burlington Free Press; Burlington, Vt.","May 14, 2014","Burlington, Vt.",4,B,https://www.proquest.com/newspapers/groups-drum-up-funds-fix-roads-bridges/docview/1526458623/se-2?accountid=13360,VT
10105,gas_tax,Running On Empty; N.H.'s Fuel-Hardy Take on Taxes: [Daily Edition],,"Valley News; White River Junction, Vt.","Sep 12, 2007","White River Junction, Vt.",,Opinion,https://www.proquest.com/newspapers/running-on-empty-n-h-s-fuel-hardy-take-taxes/docview/378651965/se-2?accountid=13360,VT
10164,gas_tax,Letter Box,,"The Brattleboro Reformer; Brattleboro, Vt.","Mar 14, 2014","Brattleboro, Vt.",,Opinion,https://www.proquest.com/newspapers/letter-box/docview/1507290739/se-2?accountid=13360,VT
10299,gas_tax,"Congress to tackle highways, education","Davis, Susan","The Burlington Free Press; Burlington, Vt.","Jul 5, 2015","Burlington, Vt.",4,B,https://www.proquest.com/newspapers/congress-tackle-highways-education/docview/1693520783/se-2?accountid=13360,VT
10399,gas_tax,House ponders gas-guzzler tax,"Hallenbeck, Terri","The Burlington Free Press; Burlington, Vt.","Apr 13, 2006","Burlington, Vt.",,Vermont,https://www.proquest.com/newspapers/house-ponders-gas-guzzler-tax/docview/439826779/se-2?accountid=13360,VT
10421,gas_tax,The law of unintended consequences,,"The Brattleboro Reformer; Brattleboro, Vt.","Jan 19, 2013","Brattleboro, Vt.",,Opinion,https://www.proquest.com/newspapers/law-unintended-consequences/docview/1270891807/se-2?accountid=13360,VT
10746,gas_tax,An idea for the future,,"The Burlington Free Press; Burlington, Vt.","Apr 11, 1999","Burlington, Vt.",,OPINION,https://www.proquest.com/newspapers/idea-future/docview/873446001/se-2?accountid=13360,VT
10929,gas_tax,N.H. Legislation Would Add Fee for Fuel-Efficient Vehicles,"Brooks, David","Valley News; White River Junction, Vt.","Feb 13, 2018","White River Junction, Vt.",10,,https://www.proquest.com/newspapers/n-h-legislation-would-add-fee-fuel-efficient/docview/2002015921/se-2?accountid=13360,VT
10963,gas_tax,ELECTION 2004: Chittenden House Races,Report,"The Burlington Free Press; Burlington, Vt.","Oct 28, 2004","Burlington, Vt.",,Towns,https://www.proquest.com/newspapers/election-2004-chittenden-house-races/docview/439800733/se-2?accountid=13360,VT
11100,gas_tax,Congress votes for $8 billion relief package for highway trust,Anonymous,"Bennington Banner; Bennington, Vt.","Sep 12, 2008","Bennington, Vt.",,News,https://www.proquest.com/newspapers/congress-votes-8-billion-relief-package-highway/docview/379593110/se-2?accountid=13360,VT
11159,gas_tax,New England in brief,Anonymous,"The Brattleboro Reformer; Brattleboro, Vt.","Dec 22, 2008","Brattleboro, Vt.",,State,https://www.proquest.com/newspapers/new-england-brief/docview/380241669/se-2?accountid=13360,VT
11204,gas_tax,"Holes in Valley's Safety Net: N.H.'s Budget Hits DHMC, Town Taxes","Gregg, John P","Valley News; White River Junction, Vt.","Jun 20, 2009","White River Junction, Vt.",A.1,Local/Region,https://www.proquest.com/newspapers/holes-valleys-safety-net/docview/378725790/se-2?accountid=13360,VT
11391,gas_tax,Letters to the editor,,"The Burlington Free Press; Burlington, Vt.","Oct 24, 2004","Burlington, Vt.",,Readers Forum,https://www.proquest.com/newspapers/letters-editor/docview/439799759/se-2?accountid=13360,VT
11421,gas_tax,CARLESS -- Part VI: Up in the air,"Johnson, Tim","The Burlington Free Press; Burlington, Vt.","Sep 24, 2005","Burlington, Vt.",,Living,https://www.proquest.com/newspapers/carless-part-vi-up-air/docview/439816813/se-2?accountid=13360,VT
11424,gas_tax,CARLESS -- Part VI: Up in the air,"Johnson, Tim","The Burlington Free Press; Burlington, Vt.","Sep 26, 2005","Burlington, Vt.",,Business Monday,https://www.proquest.com/newspapers/carless-part-vi-up-air/docview/439816136/se-2?accountid=13360,VT
11434,gas_tax,6. CARLESS: Up in the air,"Johnson, Tim","The Burlington Free Press; Burlington, Vt.","Sep 26, 2005","Burlington, Vt.",,Business Monday,https://www.proquest.com/newspapers/6-carless-up-air/docview/439815452/se-2?accountid=13360,VT
11557,gas_tax,Congress must act on oil costs,Columnists,"Bennington Banner; Bennington, Vt.","May 1, 2008","Bennington, Vt.",,Opinion,https://www.proquest.com/newspapers/congress-must-act-on-oil-costs/docview/379709459/se-2?accountid=13360,VT
11559,gas_tax,Congress must lower oil prices now,Sen. BERNARD SANDERS,"The Brattleboro Reformer; Brattleboro, Vt.","May 3, 2008","Brattleboro, Vt.",,Opinion,https://www.proquest.com/newspapers/congress-must-lower-oil-prices-now/docview/380209206/se-2?accountid=13360,VT
11564,gas_tax,Lawmakers: Boost home-heating efficiency,"FAHER, MIKE","The Brattleboro Reformer; Brattleboro, Vt.","Feb 5, 2013","Brattleboro, Vt.",,News,https://www.proquest.com/newspapers/lawmakers-boost-home-heating-efficiency/docview/1285160427/se-2?accountid=13360,VT
11735,gas_tax,Vermont Chamber compiles list of burdens on business,"D'Ambrosio, Dan","The Burlington Free Press; Burlington, Vt.","Oct 29, 2015","Burlington, Vt.",7,D,https://www.proquest.com/newspapers/vermont-chamber-compiles-list-burdens-on-business/docview/1727970716/se-2?accountid=13360,VT
11763,gas_tax,How can Vermont's economy grow? Answers are varied,"Hallenbeck, Terri","The Burlington Free Press; Burlington, Vt.","Jan 6, 2013","Burlington, Vt.",,Politics And Government,https://www.proquest.com/newspapers/how-can-vermonts-economy-grow-answers-are-varied/docview/1266613044/se-2?accountid=13360,VT
11764,gas_tax,How can Vermont's economy grow? Answers are varied,"Hallenbeck, Terri","The Burlington Free Press; Burlington, Vt.","Jan 6, 2013","Burlington, Vt.",,News,https://www.proquest.com/newspapers/how-can-vermonts-economy-grow-answers-are-varied/docview/1266612504/se-2?accountid=13360,VT
11765,gas_tax,How can Vermont's economy grow? Answers are varied,"Hallenbeck, Terri","The Burlington Free Press; Burlington, Vt.","Jan 6, 2013","Burlington, Vt.",,A,https://www.proquest.com/newspapers/how-can-vermonts-economy-grow-answers-are-varied/docview/1266613046/se-2?accountid=13360,VT
11822,gas_tax,Jefffords criticizes highway plan,,"The Burlington Free Press; Burlington, Vt.","Feb 28, 2003","Burlington, Vt.",,News,https://www.proquest.com/newspapers/jefffords-criticizes-highway-plan/docview/439765756/se-2?accountid=13360,VT
12589,gas_tax,Letters: Harvest Festival a success,,"Bennington Banner; Bennington, Vt.","Nov 15, 2013","Bennington, Vt.",,Opinion,https://www.proquest.com/newspapers/letters-harvest-festival-success/docview/1458786058/se-2?accountid=13360,VT
12620,gas_tax,The 'price' of gas,"Mayer, Joerg","The Brattleboro Reformer; Brattleboro, Vt.","May 8, 2007","Brattleboro, Vt.",,Opinion,https://www.proquest.com/newspapers/price-gas/docview/380180629/se-2?accountid=13360,VT
12660,gas_tax,"State lags in renewable energy, lawmakers told","Hallenbeck, Terri","The Burlington Free Press; Burlington, Vt.","Jan 26, 2007","Burlington, Vt.",,Vermont,https://www.proquest.com/newspapers/state-lags-renewable-energy-lawmakers-told/docview/439834026/se-2?accountid=13360,VT
12759,gas_tax,How Uncle Sam Spends Your Tax Dollars,"Riedl, Brian","Valley News; White River Junction, Vt.","Apr 11, 2010","White River Junction, Vt.",E.1,Opinion,https://www.proquest.com/newspapers/how-uncle-sam-spends-your-tax-dollars/docview/378739724/se-2?accountid=13360,VT
12875,gas_tax,Forum focuses on issues,"Weiss-Tisman, Howard","The Brattleboro Reformer; Brattleboro, Vt.","Oct 28, 2008","Brattleboro, Vt.",,Local,https://www.proquest.com/newspapers/forum-focuses-on-issues/docview/380259705/se-2?accountid=13360,VT
12906,gas_tax,Welch Tries to Save Funding for Vt. Roads,"Galloway, Anne","Valley News; White River Junction, Vt.","Jul 5, 2015","White River Junction, Vt.",,News,https://www.proquest.com/newspapers/welch-tries-save-funding-vt-roads/docview/1693581127/se-2?accountid=13360,VT
13218,gas_tax,One candidate vs. a team in state senate race,"Whitcomb, Keith, Jr","Bennington Banner; Bennington, Vt.","Oct 13, 2014","Bennington, Vt.",,News,https://www.proquest.com/newspapers/one-candidate-vs-team-state-senate-race/docview/1611005515/se-2?accountid=13360,VT
13283,gas_tax,Local reps: Gun regulations a 'complex issue',"FAHER, MIKE","The Brattleboro Reformer; Brattleboro, Vt.","Feb 2, 2013","Brattleboro, Vt.",,News,https://www.proquest.com/newspapers/local-reps-gun-regulations-complex-issue/docview/1285165830/se-2?accountid=13360,VT
13300,gas_tax,Windham-area reps: Gun regs a 'complex issue',,"Bennington Banner; Bennington, Vt.","Feb 3, 2013","Bennington, Vt.",,News,https://www.proquest.com/newspapers/windham-area-reps-gun-regs-complex-issue/docview/1283605201/se-2?accountid=13360,VT
13308,gas_tax,Letters: Fluoridation and children,Bennington,"Bennington Banner; Bennington, Vt.","Jan 7, 2015","Bennington, Vt.",,Opinion,https://www.proquest.com/newspapers/letters-fluoridation-children/docview/1643203702/se-2?accountid=13360,VT
13316,gas_tax,Letter Box,,"The Brattleboro Reformer; Brattleboro, Vt.","Aug 17, 2007","Brattleboro, Vt.",,Opinion,https://www.proquest.com/newspapers/letter-box/docview/380205130/se-2?accountid=13360,VT
13377,gas_tax,Forum: Leahy Should Listen; A Simple Plan for N.H. Roads; Supporting Flanders in Norwich,,"Valley News; White River Junction, Vt.","Feb 24, 2016","White River Junction, Vt.",,Opinion,https://www.proquest.com/newspapers/forum-leahy-should-listen-simple-plan-n-h-roads/docview/1767803275/se-2?accountid=13360,VT
13461,gas_tax,U.S. Plan Will Fix Area Roads: House Backs 5-Year Transportation Bill,Staff; Wire Report,"Valley News; White River Junction, Vt.","Dec 5, 2015","White River Junction, Vt.",,Newsletter,https://www.proquest.com/newspapers/u-s-plan-will-fix-area-roads/docview/1750033827/se-2?accountid=13360,VT
13462,gas_tax,U.S. Plan Will Fix Area Roads: House Backs 5-Year Transportation Bill,Staff; Wire Report,"Valley News; White River Junction, Vt.","Dec 4, 2015","White River Junction, Vt.",,Newsletter,https://www.proquest.com/newspapers/u-s-plan-will-fix-area-roads/docview/1750032514/se-2?accountid=13360,VT
13706,gas_tax,Dean spells out cuts,,"The Burlington Free Press; Burlington, Vt.","Jan 23, 2002","Burlington, Vt.",,NEWS,https://www.proquest.com/newspapers/dean-spells-out-cuts/docview/873343927/se-2?accountid=13360,VT
13809,gas_tax,2013 bill list: AGRICULTURE,,"The Burlington Free Press; Burlington, Vt.","May 19, 2013","Burlington, Vt.",,Politics And Government,https://www.proquest.com/newspapers/2013-bill-list/docview/1352942388/se-2?accountid=13360,VT
13822,gas_tax,2013 bill list: AGRICULTURE,,"The Burlington Free Press; Burlington, Vt.","May 19, 2013","Burlington, Vt.",8,B,https://www.proquest.com/newspapers/2013-bill-list/docview/1353074530/se-2?accountid=13360,VT
13836,gas_tax,Gov. Douglas' Budget Address: [1],,"The Brattleboro Reformer; Brattleboro, Vt.","Jan 22, 2008","Brattleboro, Vt.",,News,https://www.proquest.com/newspapers/gov-douglas-budget-address/docview/380196915/se-2?accountid=13360,VT
13837,gas_tax,Gov. Douglas' Budget Address,,"The Brattleboro Reformer; Brattleboro, Vt.","Jan 22, 2008","Brattleboro, Vt.",,Breaking,https://www.proquest.com/newspapers/gov-douglas-budget-address/docview/380167574/se-2?accountid=13360,VT
14066,net_metering,Vt. PSB Finalizes Net Metering Rules,"Polhamus, Mike","Valley News; White River Junction, Vt.","Sep 3, 2016","White River Junction, Vt.",1,,https://www.proquest.com/newspapers/vt-psb-finalizes-net-metering-rules/docview/1901810511/se-2?accountid=13360,VT
14070,net_metering,Solar Developers Seek to Expand Net Metering,John Herrick VTDiggerorg,"Bennington Banner; Bennington, Vt.","Apr 23, 2015","Bennington, Vt.",,News,https://www.proquest.com/newspapers/solar-developers-seek-expand-net-metering/docview/1675219948/se-2?accountid=13360,VT
14082,net_metering,The value of increasing the net metering cap,"Lovett, Charlene","Valley News; White River Junction, Vt.","Sep 17, 2019","White River Junction, Vt.",6,,https://www.proquest.com/newspapers/value-increasing-net-metering-cap/docview/2291222612/se-2?accountid=13360,VT
14107,net_metering,An Earth Day Commitment to a Cleaner Environment,"Hassan, Maggie","Valley News; White River Junction, Vt.","Apr 22, 2018","White River Junction, Vt.",3,,https://www.proquest.com/newspapers/earth-day-commitment-cleaner-environment/docview/2028407360/se-2?accountid=13360,VT
14127,net_metering,Vermont ideals clash with customers’ realities,"GRIBKOFF, ELIZABETH; ANNE WALLACE ALLEN","Valley News; White River Junction, Vt.","Nov 17, 2019","White River Junction, Vt.",1,,https://www.proquest.com/newspapers/vermont-ideals-clash-with-customers-realities/docview/2314886810/se-2?accountid=13360,VT
14190,net_metering,Another Opinion: Allow solar industry to shine on,,"Bennington Banner; Bennington, Vt.","Jul 1, 2015","Bennington, Vt.",,Opinion,https://www.proquest.com/newspapers/another-opinion-allow-solar-industry-shine-on/docview/1692809077/se-2?accountid=13360,VT
14258,net_metering,Vermont energy bill moves to the Senate,"Garofolo, Chris","Bennington Banner; Bennington, Vt.","Apr 10, 2011","Bennington, Vt.",,News,https://www.proquest.com/newspapers/vermont-energy-bill-moves-senate/docview/861220920/se-2?accountid=13360,VT
14260,net_metering,Energy bill moves to Senate,"Garofolo, Chris","The Brattleboro Reformer; Brattleboro, Vt.","Apr 9, 2011","Brattleboro, Vt.",,News,https://www.proquest.com/newspapers/energy-bill-moves-senate/docview/861730057/se-2?accountid=13360,VT
14281,net_metering,"Vermont ranks 9th among states for solar, report says","Hallenbeck, Terri","The Burlington Free Press; Burlington, Vt.","Jul 24, 2013","Burlington, Vt.",12,B,https://www.proquest.com/newspapers/vermont-ranks-9th-among-states-solar-report-says/docview/1411677371/se-2?accountid=13360,VT
14284,net_metering,"Vermont 9th among states for solar, report says","Hallenbeck, Terri","The Burlington Free Press; Burlington, Vt.","Jul 24, 2013","Burlington, Vt.",,Green,https://www.proquest.com/newspapers/vermont-9th-among-states-solar-report-says/docview/1411678383/se-2?accountid=13360,VT
14300,net_metering,"NewBrook voters OK solar, HVAC projects","FAHER, MIKE","The Brattleboro Reformer; Brattleboro, Vt.","Oct 25, 2014","Brattleboro, Vt.",,News,https://www.proquest.com/newspapers/newbrook-voters-ok-solar-hvac-projects/docview/1618918420/se-2?accountid=13360,VT
14302,net_metering,Vermont experiences solar jobs boom,Mike Polhamus VTDigger,"Bennington Banner; Bennington, Vt.","Feb 12, 2016","Bennington, Vt.",,News,https://www.proquest.com/newspapers/vermont-experiences-solar-jobs-boom/docview/1764901664/se-2?accountid=13360,VT
14306,net_metering,Vermont experiences solar jobs boom,Mike Polhamus VTDigger,"The Brattleboro Reformer; Brattleboro, Vt.","Feb 12, 2016","Brattleboro, Vt.",,News,https://www.proquest.com/newspapers/vermont-experiences-solar-jobs-boom/docview/1764901513/se-2?accountid=13360,VT
14331,net_metering,COMPANIES,,"The Burlington Free Press; Burlington, Vt.","Jul 18, 2011","Burlington, Vt.",,Business_Monday,https://www.proquest.com/newspapers/companies/docview/878616367/se-2?accountid=13360,VT
14343,net_metering,Web exclusive: Election letters,Anonymous,"The Brattleboro Reformer; Brattleboro, Vt.","Nov 1, 2008","Brattleboro, Vt.",,Opinion,https://www.proquest.com/newspapers/web-exclusive-election-letters/docview/380307968/se-2?accountid=13360,VT
14357,net_metering,Column: Do You Know Where Your Solar Energy Is Going?,"Jones, Kevin B","Valley News; White River Junction, Vt.","Aug 3, 2015","White River Junction, Vt.",,Opinion,https://www.proquest.com/newspapers/column-do-you-know-where-your-solar-energy-is/docview/1700860841/se-2?accountid=13360,VT
14358,net_metering,Column: Do You Know Where Your Solar Energy Is Going?,"Jones, Kevin B","Valley News; White River Junction, Vt.","Aug 4, 2015","White River Junction, Vt.",,Columns,https://www.proquest.com/newspapers/column-do-you-know-where-your-solar-energy-is/docview/1701211001/se-2?accountid=13360,VT
14373,net_metering,Letter: Toward a Sustainable Future,,"Valley News; White River Junction, Vt.","Nov 16, 2013","White River Junction, Vt.",,Strafford,https://www.proquest.com/newspapers/letter-toward-sustainable-future/docview/1458835937/se-2?accountid=13360,VT
14380,net_metering,"Lawmakers tackle water cleanup, sick time, addiction","FAHER, MIKE","The Brattleboro Reformer; Brattleboro, Vt.","Jan 25, 2014","Brattleboro, Vt.",,News,https://www.proquest.com/newspapers/lawmakers-tackle-water-cleanup-sick-time/docview/1492276020/se-2?accountid=13360,VT
14384,net_metering,Bills passed in Vermont Legislature in 2011,,"The Burlington Free Press; Burlington, Vt.","May 15, 2011","Burlington, Vt.",,News,https://www.proquest.com/newspapers/bills-passed-vermont-legislature-2011/docview/866480063/se-2?accountid=13360,VT
14385,net_metering,Old Landfills Find New Use,"Faher, Mike","Valley News; White River Junction, Vt.","Oct 30, 2017","White River Junction, Vt.",2,,https://www.proquest.com/newspapers/old-landfills-find-new-use/docview/1957069913/se-2?accountid=13360,VT
14389,net_metering,"Bills passed, or still alive in the Vermont Legislature in 2011",,"The Burlington Free Press; Burlington, Vt.","May 15, 2011","Burlington, Vt.",,NEWS,https://www.proquest.com/newspapers/bills-passed-still-alive-vermont-legislature-2011/docview/866542262/se-2?accountid=13360,VT
14397,net_metering,The 'Future Is Bright' for Residential Solar: Solar Power Becomes More Affordable for Homeowners,"Johnston, Warren","Valley News; White River Junction, Vt.","Apr 7, 2013","White River Junction, Vt.",,Business,https://www.proquest.com/newspapers/future-is-bright-residential-solar/docview/1324362506/se-2?accountid=13360,VT
14398,net_metering,Developer Proposes Solar Field,"Hongoltz-Hetling, Matt","Valley News; White River Junction, Vt.","Apr 17, 2015","White River Junction, Vt.",,Woodstock,https://www.proquest.com/newspapers/developer-proposes-solar-field/docview/1673904041/se-2?accountid=13360,VT
14442,net_metering,Second Scully hydroelectric plant restoration to power up in spring,"Therrien, Jim","The Brattleboro Reformer; Brattleboro, Vt.","Sep 22, 2016","Brattleboro, Vt.",,News,https://www.proquest.com/newspapers/second-scully-hydroelectric-plant-restoration/docview/1822448773/se-2?accountid=13360,VT
14451,net_metering,Second Scully hydroelectric plant restoration to power up in spring,"Therrien, Jim","Bennington Banner; Bennington, Vt.","Sep 22, 2016","Bennington, Vt.",,News,https://www.proquest.com/newspapers/second-scully-hydroelectric-plant-restoration/docview/1822449057/se-2?accountid=13360,VT
14453,net_metering,Missed opportunities,"Smith, Annette","The Burlington Free Press; Burlington, Vt.","May 25, 2014","Burlington, Vt.",4,D,https://www.proquest.com/newspapers/missed-opportunities/docview/1528260176/se-2?accountid=13360,VT
14456,net_metering,What will he say next time around?,,"The Burlington Free Press; Burlington, Vt.","Jan 12, 2014","Burlington, Vt.",2,C,https://www.proquest.com/newspapers/what-will-he-say-next-time-around/docview/1476610197/se-2?accountid=13360,VT
14461,net_metering,Vermont in Brief,Anonymous,"The Brattleboro Reformer; Brattleboro, Vt.","Jul 3, 2008","Brattleboro, Vt.",,State,https://www.proquest.com/newspapers/vermont-brief/docview/380215895/se-2?accountid=13360,VT
14469,net_metering,Local solar company pitches idea to BF trustees,"Poli, Domenic","The Brattleboro Reformer; Brattleboro, Vt.","Dec 13, 2012","Brattleboro, Vt.",,News,https://www.proquest.com/newspapers/local-solar-company-pitches-idea-bf-trustees/docview/1264903783/se-2?accountid=13360,VT
14521,net_metering,Vermont has most solar jobs per capita in U.S.,"Herrick, John","The Brattleboro Reformer; Brattleboro, Vt.","Feb 12, 2014","Brattleboro, Vt.",,Breaking,https://www.proquest.com/newspapers/vermont-has-most-solar-jobs-per-capita-u-s/docview/1498122542/se-2?accountid=13360,VT
14523,net_metering,States and small businesses shut out of international trade negotiations,"Niles, Hilary","The Brattleboro Reformer; Brattleboro, Vt.","May 17, 2014","Brattleboro, Vt.",,Breaking,https://www.proquest.com/newspapers/states-small-businesses-shut-out-international/docview/1525987205/se-2?accountid=13360,VT
14572,net_metering,Group Asks For Vt. Energy Documents: Conservation Foundation Wants Answers on Hydroelectric Power,"Herrick, John","Valley News; White River Junction, Vt.","Mar 25, 2014","White River Junction, Vt.",,News,https://www.proquest.com/newspapers/group-asks-vt-energy-documents/docview/1509901574/se-2?accountid=13360,VT
14578,net_metering,Local Notebook part two July 25,Anonymous,"The Brattleboro Reformer; Brattleboro, Vt.","Jul 28, 2008","Brattleboro, Vt.",,News,https://www.proquest.com/newspapers/local-notebook-part-two-july-25/docview/380208909/se-2?accountid=13360,VT
14615,net_metering,Energy expert to speak in VT,JOEL BANNER BAIRD,"The Burlington Free Press; Burlington, Vt.","Oct 12, 2014","Burlington, Vt.",2,G,https://www.proquest.com/newspapers/energy-expert-speak-vt/docview/1610750632/se-2?accountid=13360,VT
14629,net_metering,CLF seeks more details on plans to conduct more Canadian hydropower through Vermont,"Herrick, John","The Brattleboro Reformer; Brattleboro, Vt.","Mar 23, 2014","Brattleboro, Vt.",,Breaking,https://www.proquest.com/newspapers/clf-seeks-more-details-on-plans-conduct-canadian/docview/1509728741/se-2?accountid=13360,VT
14642,net_metering,Text of Gov. Shumlin's inaugural address,VTDiggerorg,"Bennington Banner; Bennington, Vt.","Jan 8, 2015","Bennington, Vt.",,News,https://www.proquest.com/newspapers/text-gov-shumlins-inaugural-address/docview/1643434947/se-2?accountid=13360,VT
14652,net_metering,Celebrate Solar Tours shines in Jericho,,"The Burlington Free Press; Burlington, Vt.","Jul 3, 2015","Burlington, Vt.",4,X,https://www.proquest.com/newspapers/celebrate-solar-tours-shines-jericho/docview/1693179481/se-2?accountid=13360,VT
14671,net_metering,Our opinion: A bright future with solar,,"The Brattleboro Reformer; Brattleboro, Vt.","Jul 26, 2013","Brattleboro, Vt.",,Opinion,https://www.proquest.com/newspapers/our-opinion-bright-future-with-solar/docview/1412577052/se-2?accountid=13360,VT
14692,net_metering,'Pete the Moose' saga returns,"Page, Candace","The Burlington Free Press; Burlington, Vt.","Dec 20, 2010","Burlington, Vt.",,News,https://www.proquest.com/newspapers/pete-moose-saga-returns/docview/818671785/se-2?accountid=13360,VT
14693,net_metering,Vermont lawmakers set to reverse 'Pete the Moose' law: [1],"Page, Candace","The Burlington Free Press; Burlington, Vt.","Dec 20, 2010","Burlington, Vt.",,Politics And Government,https://www.proquest.com/newspapers/vermont-lawmakers-set-reverse-pete-moose-law/docview/1023917753/se-2?accountid=13360,VT
14694,net_metering,Vermont lawmakers set to reverse 'Pete the Moose' law,"Page, Candace","The Burlington Free Press; Burlington, Vt.","Apr 1, 2011","Burlington, Vt.",,NEWS,https://www.proquest.com/newspapers/vermont-lawmakers-set-reverse-pete-moose-law/docview/859626535/se-2?accountid=13360,VT
14695,net_metering,Vermont lawmakers set to reverse 'Pete the Moose' law,"Page, Candace","The Burlington Free Press; Burlington, Vt.","Dec 20, 2010","Burlington, Vt.",,NEWS,https://www.proquest.com/newspapers/vermont-lawmakers-set-reverse-pete-moose-law/docview/821024871/se-2?accountid=13360,VT
14696,net_metering,Vermont lawmakers set to reverse 'Pete the Moose' law: [1],"Page, Candace","The Burlington Free Press; Burlington, Vt.","Apr 1, 2011","Burlington, Vt.",,Politics And Government,https://www.proquest.com/newspapers/vermont-lawmakers-set-reverse-pete-moose-law/docview/1023917028/se-2?accountid=13360,VT
14713,net_metering,Build a power mix,Report,"The Burlington Free Press; Burlington, Vt.","Sep 26, 2004","Burlington, Vt.",,Opinion,https://www.proquest.com/newspapers/build-power-mix/docview/439798246/se-2?accountid=13360,VT
14717,net_metering,Letter: Share Electric Infrastructure Costs,,"Valley News; White River Junction, Vt.","Aug 28, 2013","White River Junction, Vt.",,Opinion,https://www.proquest.com/newspapers/letter-share-electric-infrastructure-costs/docview/1428435307/se-2?accountid=13360,VT
14731,net_metering,BRSU school employees form labor union,ANNA BOARINI Manchester Journal,"Bennington Banner; Bennington, Vt.","Oct 9, 2014","Bennington, Vt.",,News,https://www.proquest.com/newspapers/brsu-school-employees-form-labor-union/docview/1609536669/se-2?accountid=13360,VT
14741,net_metering,Shift in pipeline taxes proposed to fund clean energy,,"Bennington Banner; Bennington, Vt.","Jan 20, 2014","Bennington, Vt.",,News,https://www.proquest.com/newspapers/shift-pipeline-taxes-proposed-fund-clean-energy/docview/1490690569/se-2?accountid=13360,VT
14755,net_metering,Douglas signs energy bill,"Gram, Dave","Bennington Banner; Bennington, Vt.","Mar 20, 2008","Bennington, Vt.",,News,https://www.proquest.com/newspapers/douglas-signs-energy-bill/docview/379552622/se-2?accountid=13360,VT
14774,net_metering,Isham Family Farm updates with solar energy project,"Monty, Lynn","The Burlington Free Press; Burlington, Vt.","Sep 1, 2010","Burlington, Vt.",,Community,https://www.proquest.com/newspapers/isham-family-farm-updates-with-solar-energy/docview/749696955/se-2?accountid=13360,VT
14783,net_metering,Douglas inks bill on energy efficiency,"Gram, Dave","The Brattleboro Reformer; Brattleboro, Vt.","Mar 20, 2008","Brattleboro, Vt.",,State,https://www.proquest.com/newspapers/douglas-inks-bill-on-energy-efficiency/docview/380212258/se-2?accountid=13360,VT
14790,net_metering,Williston farm updates with solar energy,"Monty, Lynn","The Burlington Free Press; Burlington, Vt.","Sep 1, 2010","Burlington, Vt.",,NEWS,https://www.proquest.com/newspapers/williston-farm-updates-with-solar-energy/docview/749380254/se-2?accountid=13360,VT
14791,net_metering,READERS' FORUM,,"The Burlington Free Press; Burlington, Vt.","Apr 25, 2002","Burlington, Vt.",,READERS FORUM,https://www.proquest.com/newspapers/readers-forum/docview/873346888/se-2?accountid=13360,VT
14800,net_metering,Dover solar project receives approval,"Mays, Chris","Bennington Banner; Bennington, Vt.","Jun 29, 2015","Bennington, Vt.",,News,https://www.proquest.com/newspapers/dover-solar-project-receives-approval/docview/1692048297/se-2?accountid=13360,VT
14803,net_metering,Earth-friendly? Milne responds to Shumlin,,"The Burlington Free Press; Burlington, Vt.","Nov 2, 2014","Burlington, Vt.",3,G,https://www.proquest.com/newspapers/earth-friendly-milne-responds-shumlin/docview/1619308781/se-2?accountid=13360,VT
14822,net_metering,Makeover takeover,Columnists,"Bennington Banner; Bennington, Vt.","Mar 3, 2008","Bennington, Vt.",,Columnists,https://www.proquest.com/newspapers/makeover-takeover/docview/379676435/se-2?accountid=13360,VT
14858,net_metering,Managing renewable energy locally,"Pahl, Greg","The Brattleboro Reformer; Brattleboro, Vt.","Aug 12, 2006","Brattleboro, Vt.",,Opinion,https://www.proquest.com/newspapers/managing-renewable-energy-locally/docview/380092954/se-2?accountid=13360,VT
14873,net_metering,"Brian Dubie: We must protect our Ridgelines, Lakes and Streams","Dubie, Brian","Bennington Banner; Bennington, Vt.","Sep 11, 2015","Bennington, Vt.",,Opinion,https://www.proquest.com/newspapers/brian-dubie-we-must-protect-our-ridgelines-lakes/docview/1711209067/se-2?accountid=13360,VT
14882,net_metering,"Forum, March 30: Vote, Lebanon Voters; N.H. Tax Squeeze; Solar Power",,"Valley News; White River Junction, Vt.","Mar 30, 2015","White River Junction, Vt.",,Opinion,https://www.proquest.com/newspapers/forum-march-30-vote-lebanon-voters-n-h-tax/docview/1667472962/se-2?accountid=13360,VT
14919,net_metering,Creating opportunity,Gov PETER SHUMLIN,"The Brattleboro Reformer; Brattleboro, Vt.","May 19, 2014","Brattleboro, Vt.",,Opinion,https://www.proquest.com/newspapers/creating-opportunity/docview/1525796432/se-2?accountid=13360,VT
14933,net_metering,Committee takes up energy bill,"Garofolo, Chris","The Brattleboro Reformer; Brattleboro, Vt.","Feb 4, 2011","Brattleboro, Vt.",,News,https://www.proquest.com/newspapers/committee-takes-up-energy-bill/docview/850706710/se-2?accountid=13360,VT
14946,net_metering,Religion News in Brief,,"Bennington Banner; Bennington, Vt.","Jun 19, 2015","Bennington, Vt.",,News,https://www.proquest.com/newspapers/religion-news-brief/docview/1689999114/se-2?accountid=13360,VT
14953,net_metering,The Chittenden 8,"Remsen, Nancy","The Burlington Free Press; Burlington, Vt.","Aug 14, 2012","Burlington, Vt.",,Burlington Politics,https://www.proquest.com/newspapers/chittenden-8/docview/1033464764/se-2?accountid=13360,VT
14959,net_metering,Lessons in Self-Reliance,"Johnson, Tim","The Burlington Free Press; Burlington, Vt.","Jul 17, 2011","Burlington, Vt.",,Green Mountain,https://www.proquest.com/newspapers/lessons-self-reliance/docview/877061996/se-2?accountid=13360,VT
14960,net_metering,What Vermont lawmakers did this session,"Hallenbeck, Terri; Remsen, Nancy","The Burlington Free Press; Burlington, Vt.","May 18, 2014","Burlington, Vt.",14,A,https://www.proquest.com/newspapers/what-vermont-lawmakers-did-this-session/docview/1526372193/se-2?accountid=13360,VT
15030,RPS,Analysis: Wind's role in Vermont's energy future,"Herrick, John","The Brattleboro Reformer; Brattleboro, Vt.","Aug 19, 2014","Brattleboro, Vt.",,News,https://www.proquest.com/newspapers/analysis-winds-role-vermonts-energy-future/docview/1554295817/se-2?accountid=13360,VT
15031,RPS,Special Report: Wind's role in Vermont's energy future,"Herrick, John","The Brattleboro Reformer; Brattleboro, Vt.","Aug 10, 2014","Brattleboro, Vt.",,Breaking,https://www.proquest.com/newspapers/special-report-winds-role-vermonts-energy-future/docview/1552464490/se-2?accountid=13360,VT
15032,RPS,Report: Wind power's role in Vermont's energy future,"Herrick, John","Bennington Banner; Bennington, Vt.","Aug 12, 2014","Bennington, Vt.",,News,https://www.proquest.com/newspapers/report-wind-powers-role-vermonts-energy-future/docview/1552892672/se-2?accountid=13360,VT
15039,RPS,Energy expert to speak in VT,JOEL BANNER BAIRD,"The Burlington Free Press; Burlington, Vt.","Oct 12, 2014","Burlington, Vt.",2,G,https://www.proquest.com/newspapers/energy-expert-speak-vt/docview/1610750632/se-2?accountid=13360,VT
15060,RPS,Missed opportunities,"Smith, Annette","The Burlington Free Press; Burlington, Vt.","May 25, 2014","Burlington, Vt.",4,D,https://www.proquest.com/newspapers/missed-opportunities/docview/1528260176/se-2?accountid=13360,VT
15097,RPS,READERS' FORUM,,"The Burlington Free Press; Burlington, Vt.","Apr 25, 2002","Burlington, Vt.",,READERS FORUM,https://www.proquest.com/newspapers/readers-forum/docview/873346888/se-2?accountid=13360,VT
15154,RPS,In their words: Officials speak on taxes: About this series,,"The Burlington Free Press; Burlington, Vt.","Jan 11, 2015","Burlington, Vt.",6,A,https://www.proquest.com/newspapers/their-words-officials-speak-on-taxes/docview/1644470610/se-2?accountid=13360,VT
15177,RPS,Electricity supplier won't buy Vermont renewable energy credits,"Herrick, John","The Brattleboro Reformer; Brattleboro, Vt.","May 21, 2014","Brattleboro, Vt.",,News,https://www.proquest.com/newspapers/electricity-supplier-wont-buy-vermont-renewable/docview/1528525763/se-2?accountid=13360,VT
15182,RPS,Electricity supplier won't buy Vermont renewable energy credits,"Herrick, John","The Brattleboro Reformer; Brattleboro, Vt.","May 20, 2014","Brattleboro, Vt.",,Breaking,https://www.proquest.com/newspapers/electricity-supplier-wont-buy-vermont-renewable/docview/1528525710/se-2?accountid=13360,VT
15216,RPS,Connecticut rules in favor of Vermont renewable energy credits,John Herrick VTDigger,"The Brattleboro Reformer; Brattleboro, Vt.","Mar 13, 2015","Brattleboro, Vt.",,News,https://www.proquest.com/newspapers/connecticut-rules-favor-vermont-renewable-energy/docview/1663357452/se-2?accountid=13360,VT
