,Title,Author,Publication_title,Publication_date,Place_of_publication,First_page,Section,Document_URL
0,"More renewable energy vital to state, forum told","Yanez, Brenda","Arizona Republic; Phoenix, Ariz.","Jan 25, 2012","Phoenix, Ariz.",NA,Business,https://www.proquest.com/newspapers/more-renewable-energy-vital-state-forum-told/docview/918364007/se-2?accountid=13360
1,VALLEY & STATE BRIEFS: Panel approves capping renewable-energy quota,NA,"Arizona Republic; Phoenix, Ariz.","Mar 15, 2012","Phoenix, Ariz.",NA,Business,https://www.proquest.com/newspapers/valley-state-briefs/docview/1022758429/se-2?accountid=13360
2,Climate-change skeptic to talk to 'tea party' groups,"Wright, Lesley","Arizona Republic; Phoenix, Ariz.","May 26, 2012","Phoenix, Ariz.",NA,VALLEY & State,https://www.proquest.com/newspapers/climate-change-skeptic-talk-tea-party-groups/docview/1034381443/se-2?accountid=13360
3,"West Valley embracing renewable energy, sustainability",NA,"Arizona Republic; Phoenix, Ariz.","Oct 3, 2012","Phoenix, Ariz.",NA,Surprise Republic 1,https://www.proquest.com/newspapers/west-valley-embracing-renewable-energy/docview/1220392658/se-2?accountid=13360
4,Climate-change film 'Bastards' screams to the choir,"VanDenburgh, Barbara","Arizona Republic; Phoenix, Ariz.","Mar 8, 2013","Phoenix, Ariz.",P.3,Movie Preview,https://www.proquest.com/newspapers/climate-change-film-bastards-screams-choir/docview/1315330243/se-2?accountid=13360
5,"Climate change is a moral issue, as well; we need leadership from all levels","Bland, Doug","Arizona Republic; Phoenix, Ariz.","Apr 20, 2013","Phoenix, Ariz.",25,Northeast Phoenix Republic 7,https://www.proquest.com/newspapers/climate-change-is-moral-issue-as-well-we-need/docview/1365701904/se-2?accountid=13360
6,Phoenix makes inroads on renewable energy,"Reid, Betty","Arizona Republic; Phoenix, Ariz.","Dec 6, 2013","Phoenix, Ariz.",3,Northeast Phoenix Republic 7,https://www.proquest.com/newspapers/phoenix-makes-inroads-on-renewable-energy/docview/1501029822/se-2?accountid=13360
7,"Seven of city's 10 hottest years have come since 2000. Experts say Valley's 'heat island' effect, climate change may be to blame.","Loomis, Brandon","Arizona Republic; Phoenix, Ariz.","Jan 7, 2014","Phoenix, Ariz.",A.1,Front,https://www.proquest.com/newspapers/seven-citys-10-hottest-years-have-come-since-2000/docview/1475124587/se-2?accountid=13360
8,"Climate change real in Ariz., too",NA,"Arizona Republic; Phoenix, Ariz.","Apr 17, 2014","Phoenix, Ariz.",A.14,Opinions,https://www.proquest.com/newspapers/climate-change-real-ariz-too/docview/1517417743/se-2?accountid=13360
9,Let's have a legitimate debate on climate change,"Robb, Robert","Arizona Republic; Phoenix, Ariz.","May 9, 2014","Phoenix, Ariz.",A.18,Opinions,https://www.proquest.com/newspapers/lets-have-legitimate-debate-on-climate-change/docview/1522943083/se-2?accountid=13360
10,Study links climate change to rise in devastating wildfires,"Ruiz, Celeste","Arizona Republic; Phoenix, Ariz.","May 21, 2014","Phoenix, Ariz.",A.26,News,https://www.proquest.com/newspapers/study-links-climate-change-rise-devastating/docview/1527383766/se-2?accountid=13360
11,"Follow tribes' lead, join EPA plan to combat climate change","Richardson, Bill","Arizona Republic; Phoenix, Ariz.","Nov 20, 2014","Phoenix, Ariz.",A.13,Opinions,https://www.proquest.com/newspapers/follow-tribes-lead-join-epa-plan-combat-climate/docview/1626833660/se-2?accountid=13360
12,Climate change cited in Ariz. wildfire forecast,"Pitzl, Mary Jo","Arizona Republic; Phoenix, Ariz.","May 1, 2015","Phoenix, Ariz.",A.5,Front,https://www.proquest.com/newspapers/climate-change-cited-ariz-wildfire-forecast/docview/1677369936/se-2?accountid=13360
13,Climate-change skeptics offer flawed forecast,Montini; Ed,"Arizona Republic; Phoenix, Ariz.","May 28, 2015","Phoenix, Ariz.",A.3,Front,https://www.proquest.com/newspapers/climate-change-skeptics-offer-flawed-forecast/docview/1683609642/se-2?accountid=13360
14,Pope's climate change message is welcome,NA,"Arizona Republic; Phoenix, Ariz.","Jun 19, 2015","Phoenix, Ariz.",A.19,Front,https://www.proquest.com/newspapers/popes-climate-change-message-is-welcome/docview/1689875223/se-2?accountid=13360
15,The dirty little secret about renewable energy,NA,"Arizona Republic; Phoenix, Ariz.","Jul 10, 2015","Phoenix, Ariz.",A.15,Front,https://www.proquest.com/newspapers/dirty-little-secret-about-renewable-energy/docview/1695154463/se-2?accountid=13360
16,Five actions we can take to impact climate change,NA,"Arizona Republic; Phoenix, Ariz.","Jul 15, 2015","Phoenix, Ariz.",Z.24,Northwest Valley 20,https://www.proquest.com/newspapers/five-actions-we-can-take-impact-climate-change/docview/1696177466/se-2?accountid=13360
17,Obama to speak 'frankly' on 11-day climate change tour,"Korte, Gregory","Arizona Republic; Phoenix, Ariz.","Aug 25, 2015","Phoenix, Ariz.",B.2,Valley & State,https://www.proquest.com/newspapers/obama-speak-frankly-on-11-day-climate-change-tour/docview/1707071105/se-2?accountid=13360
18,Arizona uranium mining can battle climate change,NA,"Arizona Republic; Phoenix, Ariz.","Aug 31, 2015","Phoenix, Ariz.",A.12,Front,https://www.proquest.com/newspapers/arizona-uranium-mining-can-battle-climate-change/docview/1708153779/se-2?accountid=13360
19,"Antarctica gaining ice despite climate change, study says",NA,"Arizona Republic; Phoenix, Ariz.","Nov 5, 2015","Phoenix, Ariz.",B.1,Valley & State,https://www.proquest.com/newspapers/antarctica-gaining-ice-despite-climate-change/docview/1730107037/se-2?accountid=13360
20,Website to focus on Arctic climate change,NA,"Arizona Republic; Phoenix, Ariz.","Nov 27, 2015","Phoenix, Ariz.",B.5,Valley & State,https://www.proquest.com/newspapers/website-focus-on-arctic-climate-change/docview/1764894131/se-2?accountid=13360
21,Climate change problem needs a Churchill,NA,"Arizona Republic; Phoenix, Ariz.","Dec 15, 2015","Phoenix, Ariz.",A.10,Front,https://www.proquest.com/newspapers/climate-change-problem-needs-churchill/docview/1748840816/se-2?accountid=13360
22,Don't ignore link of allergy season and climate change,NA,"Arizona Republic; Phoenix, Ariz.","Mar 16, 2016","Phoenix, Ariz.",A.27,Front,https://www.proquest.com/newspapers/dont-ignore-link-allergy-season-climate-change/docview/1773437027/se-2?accountid=13360
23,Climate change hurts Vietnamese farmers,"Maresca, Thomas","Arizona Republic; Phoenix, Ariz.","Apr 24, 2016","Phoenix, Ariz.",B.4,Valley & State,https://www.proquest.com/newspapers/climate-change-hurts-vietnamese-farmers/docview/1783768795/se-2?accountid=13360
24,Officials support renewable-energy bill,"Zentner, Emily","Arizona Republic; Phoenix, Ariz.","Jul 15, 2016","Phoenix, Ariz.",A.12,Front,https://www.proquest.com/newspapers/officials-support-renewable-energy-bill/docview/1804201523/se-2?accountid=13360
25,A bird's-eye view of climate change,NA,"Arizona Republic; Phoenix, Ariz.","Jul 28, 2016","Phoenix, Ariz.",B.2,Valley & State,https://www.proquest.com/newspapers/birds-eye-view-climate-change/docview/1807275975/se-2?accountid=13360
26,Climate change a big risk to kids,NA,"Arizona Republic; Phoenix, Ariz.","Sep 30, 2016","Phoenix, Ariz.",A.14,Front,https://www.proquest.com/newspapers/climate-change-big-risk-kids/docview/1824566403/se-2?accountid=13360
27,"States, private sector don't need Trump on climate change",NA,"Arizona Republic; Phoenix, Ariz.","Nov 26, 2016","Phoenix, Ariz.",A.20,Front,https://www.proquest.com/newspapers/states-private-sector-dont-need-trump-on-climate/docview/1843319926/se-2?accountid=13360
28,Gates starts $1B fund to fight climate change,NA,"Arizona Republic; Phoenix, Ariz.","Dec 13, 2016","Phoenix, Ariz.",B.4,Valley & State,https://www.proquest.com/newspapers/gates-starts-1b-fund-fight-climate-change/docview/1848110762/se-2?accountid=13360
29,"When you buy a home, ponder climate change",NA,"Arizona Republic; Phoenix, Ariz.","Dec 23, 2016","Phoenix, Ariz.",Z.915,Scottsdale Republic 9,https://www.proquest.com/newspapers/when-you-buy-home-ponder-climate-change/docview/1851690403/se-2?accountid=13360
30,Climate change is adding to drought's already wide-ranging role in declining water flows along the Colorado River,"McKinnon, Shaun","Arizona Republic; Phoenix, Ariz.","Feb 23, 2017","Phoenix, Ariz.",A.6,Front,https://www.proquest.com/newspapers/climate-change-is-adding-droughts-already-wide/docview/1870849054/se-2?accountid=13360
31,Climate change is making us sick: Top US doctors say they're seeing impact,"Rice, Doyle","Arizona Republic; Phoenix, Ariz.","Mar 19, 2017","Phoenix, Ariz.",B.3,Valley & State,https://www.proquest.com/newspapers/climate-change-is-making-us-sick/docview/1878514022/se-2?accountid=13360
32,"Disputes remain after G-7 summit: Trade rules, climate change unresolved as Trump departs","Jackson, David","Arizona Republic; Phoenix, Ariz.","May 28, 2017","Phoenix, Ariz.",B.2,Valley & State,https://www.proquest.com/newspapers/disputes-remain-after-g-7-summit/docview/1902827496/se-2?accountid=13360
33,"Does Trump doubt warmer globe?: EPA chief, White House unable to say if the president accepts science on climate change","Przybyla, Heidi M","Arizona Republic; Phoenix, Ariz.","Jun 3, 2017","Phoenix, Ariz.",B.2,Valley & State,https://www.proquest.com/newspapers/does-trump-doubt-warmer-globe/docview/1905129616/se-2?accountid=13360
34,"Congress' shrinking role in climate change, war",NA,"Arizona Republic; Phoenix, Ariz.","Jun 4, 2017","Phoenix, Ariz.",E.7,AZ Economy,https://www.proquest.com/newspapers/congress-shrinking-role-climate-change-war/docview/1905381786/se-2?accountid=13360
35,"Al Gore's 'Inconvenient Sequel' brings climate change to the trump era: New film is an updated, more intimate view","Ryan, Patrick","Arizona Republic; Phoenix, Ariz.","Jul 25, 2017","Phoenix, Ariz.",B.6,Valley & State,https://www.proquest.com/newspapers/al-gores-inconvenient-sequel-brings-climate/docview/1922808004/se-2?accountid=13360
36,Future depends on fast passage of renewable energy measure,NA,"Arizona Republic; Phoenix, Ariz.","Sep 19, 2017","Phoenix, Ariz.",A.1,Front,https://www.proquest.com/newspapers/future-depends-on-fast-passage-renewable-energy/docview/1992169603/se-2?accountid=13360
37,The power's there; U.S. parks want only to tap it; Renewable energy projects sit idle because of a squabble with SoCal Edison.,"Cart, Julie","Los Angeles Times; Los Angeles, Calif.","Jan 9, 2012","Los Angeles, Calif.",NA,Main News; Part A; Metro Desk,https://www.proquest.com/newspapers/powers-there-u-s-parks-want-only-tap-renewable/docview/914600923/se-2?accountid=13360
38,Cigarettes' lessons for climate change; Successful anti-smoking efforts of decades past offer a blueprint for how we might tackle global warming.,"Schendler, Auden","Los Angeles Times; Los Angeles, Calif.","Mar 4, 2012","Los Angeles, Calif.",NA,Main News; Part A; Editorial Desk,https://www.proquest.com/newspapers/cigarettes-lessons-climate-change-successful-anti/docview/926047667/se-2?accountid=13360
39,"Science over hype; To counter climate change skeptics, it's crucial to stick to the data.","Lemonick, Michael D","Los Angeles Times; Los Angeles, Calif.","Aug 2, 2012","Los Angeles, Calif.",NA,Main News; Part A; Editorial Desk,https://www.proquest.com/newspapers/science-over-hype-counter-climate-change-skeptics/docview/1030474200/se-2?accountid=13360
40,SCIENCE FILE; New clues in decline of Maya; Rainfall data bolster a theory about climate change's role in the society's rise and fall.,"Morin, Monte","Los Angeles Times; Los Angeles, Calif.","Nov 17, 2012","Los Angeles, Calif.",NA,LATExtra; Part AA; Science Desk,https://www.proquest.com/newspapers/science-file-new-clues-decline-maya-rainfall-data/docview/1156102331/se-2?accountid=13360
41,ENVIRONMENT; Climate change an issue for bank; Activist investors place a resolution on greenhouse gases before PNC Financial.,"Reckard, E Scott","Los Angeles Times; Los Angeles, Calif.","Feb 21, 2013","Los Angeles, Calif.",NA,Business; Part B; Business Desk,https://www.proquest.com/newspapers/environment-climate-change-issue-bank-activist/docview/1289247954/se-2?accountid=13360
42,Time to act on climate change,NA,"Los Angeles Times; Los Angeles, Calif.","Jun 20, 2013","Los Angeles, Calif.",NA,Main News; Part A; Editorial Desk,https://www.proquest.com/newspapers/time-act-on-climate-change/docview/1369578083/se-2?accountid=13360
43,A dry and desperate state; New Mexico wonders: Is this climate change or a brutal aberration?,"Cart, Julie","Los Angeles Times; Los Angeles, Calif.","Aug 6, 2013","Los Angeles, Calif.",NA,Main News; Part A; Metro Desk,https://www.proquest.com/newspapers/dry-desperate-state-new-mexico-wonders-is-this/docview/1417815882/se-2?accountid=13360
44,Experts set threshold for climate-change calamity; Emissions tipping point may be 25 years away,"Barboza, Tony","Los Angeles Times; Los Angeles, Calif.","Sep 28, 2013","Los Angeles, Calif.",NA,Main News; Part A; Metro Desk,https://www.proquest.com/newspapers/experts-set-threshold-climate-change-calamity/docview/1437284207/se-2?accountid=13360
45,THE WORLD; 'How will I feed my family?'; Indonesia village shows how climate change threatens those who depend on sea.,"Welch, Craig","Los Angeles Times; Los Angeles, Calif.","Jan 12, 2014","Los Angeles, Calif.",NA,Main News; Part A; News Desk,https://www.proquest.com/newspapers/world-how-will-i-feed-my-family-indonesia-village/docview/1476555684/se-2?accountid=13360
46,"SCIENCE FILE; Climate change abloom in wildflowers' timing; Their annual season in the Rockies has extended by more than a month in the last 40 years, new research shows.","Barboza, Tony","Los Angeles Times; Los Angeles, Calif.","Mar 22, 2014","Los Angeles, Calif.",NA,LATExtra; Part AA; Science Desk,https://www.proquest.com/newspapers/science-file-climate-change-abloom-wildflowers/docview/1509166037/se-2?accountid=13360
47,Budgeting for climate change,NA,"Los Angeles Times; Los Angeles, Calif.","May 8, 2014","Los Angeles, Calif.",NA,Main News; Part A; Editorial Desk,https://www.proquest.com/newspapers/budgeting-climate-change/docview/1521873271/se-2?accountid=13360
48,U.S. Chamber warns of EPA rule; Report says upcoming climate-change plan could cost economy $51 billion a year.,"Lee, Don","Los Angeles Times; Los Angeles, Calif.","May 29, 2014","Los Angeles, Calif.",NA,Business; Part B; Business Desk,https://www.proquest.com/newspapers/u-s-chamber-warns-epa-rule-report-says-upcoming/docview/1529675304/se-2?accountid=13360
49,MONDAY BUSINESS; CAPITOL BUSINESS BEAT; Bill stirs climate change debate; Proposal by business- friendly Democratic lawmakers would slow California's efforts to curb global warming.,"Lifsher, Marc","Los Angeles Times; Los Angeles, Calif.","Jul 14, 2014","Los Angeles, Calif.",NA,Main News; Part A; Business Desk,https://www.proquest.com/newspapers/monday-business-capitol-beat-bill-stirs-climate/docview/1544718412/se-2?accountid=13360
50,"THE NATION; Adding fuel to fire costs; Climate change may boost the annual bill by billions, study says.","Carcamo, Cindy; Muskal, Michael","Los Angeles Times; Los Angeles, Calif.","Sep 17, 2014","Los Angeles, Calif.",NA,Main News; Part A; National Desk,https://www.proquest.com/newspapers/nation-adding-fuel-fire-costs-climate-change-may/docview/1562298821/se-2?accountid=13360
51,"Few states preparing for climate change; Study of efforts across the U.S. finds 14, including California, have plans ready.","Banerjee, Neela","Los Angeles Times; Los Angeles, Calif.","Oct 11, 2014","Los Angeles, Calif.",NA,Main News; Part A; National Desk,https://www.proquest.com/newspapers/few-states-preparing-climate-change-study-efforts/docview/1609887562/se-2?accountid=13360
52,"BACK STORY; Slush gets buried in ideology; Politics, not drastic weather, colors view of climate change, study says","Mohan, Geoffrey","Los Angeles Times; Los Angeles, Calif.","Nov 30, 2014","Los Angeles, Calif.",NA,Main News; Part A; National Desk,https://www.proquest.com/newspapers/back-story-slush-gets-buried-ideology-politics/docview/1628711543/se-2?accountid=13360
53,THE STATE; Billionaire outpaced all donors in midterms; Democrat Tom Steyer spent $74 million on campaigns in a bid to make climate change a top issue in politics.,"Megerian, Chris","Los Angeles Times; Los Angeles, Calif.","Dec 31, 2014","Los Angeles, Calif.",NA,California; Part AA; Metro Desk,https://www.proquest.com/newspapers/state-billionaire-outpaced-all-donors-midterms/docview/1640950039/se-2?accountid=13360
54,"THE STATE; Climate change bills spark debate; Proposals by Democrats are welcomed by some unions but opposed by oil firms, utilities.","Megerian, Chris","Los Angeles Times; Los Angeles, Calif.","Feb 11, 2015","Los Angeles, Calif.",NA,California; Part B; Metro Desk,https://www.proquest.com/newspapers/state-climate-change-bills-spark-debate-proposals/docview/1652991300/se-2?accountid=13360
55,"Warming planet may threaten 1 in 6 species; If current trends persist, 16% of the world's creatures could die off because of climate change, research finds.","Kaplan, Karen","Los Angeles Times; Los Angeles, Calif.","May 3, 2015","Los Angeles, Calif.",NA,Main News; Part A; Science Desk,https://www.proquest.com/newspapers/warming-planet-may-threaten-1-6-species-if/docview/1677701366/se-2?accountid=13360
56,Dalai Lama's birthday bash; He will speak about climate change and wisdom at UC Irvine.,"Hamilton, Matt","Los Angeles Times; Los Angeles, Calif.","Jul 4, 2015","Los Angeles, Calif.",NA,California; Part B; Metro Desk,https://www.proquest.com/newspapers/dalai-lamas-birthday-bash-he-will-speak-about/docview/1693309250/se-2?accountid=13360
57,SACRAMENTO NOTEBOOK; Brown targets GOP hopefuls; Governor asks the 2016 presidential candidates to detail climate change plans.,"Megerian, Chris","Los Angeles Times; Los Angeles, Calif.","Aug 6, 2015","Los Angeles, Calif.",NA,California; Part B; Metro Desk,https://www.proquest.com/newspapers/sacramento-notebook-brown-targets-gop-hopefuls/docview/1701705665/se-2?accountid=13360
58,Conflicted on climate change law; Legislators weigh costs against health benefits in poor areas that often bear the brunt of pollution.,"Mason, Melanie; Megerian, Chris","Los Angeles Times; Los Angeles, Calif.","Sep 8, 2015","Los Angeles, Calif.",NA,Main News; Part A; Metro Desk,https://www.proquest.com/newspapers/conflicted-on-climate-change-law-legislators/docview/1709935081/se-2?accountid=13360
59,"Climate change hears a cattle call; At TomKat Ranch, a billionaire plots to upend agribusiness as usual","Halper, Evan","Los Angeles Times; Los Angeles, Calif.","Oct 3, 2015","Los Angeles, Calif.",NA,Main News; Part A; National Desk,https://www.proquest.com/newspapers/climate-change-hears-cattle-call-at-tomkat-ranch/docview/1718563168/se-2?accountid=13360
60,Batteries: The next frontier; Innovation is speeding up as the technology is increasingly seen as key to the fight against climate change.,NA,"Los Angeles Times; Los Angeles, Calif.","Nov 27, 2015","Los Angeles, Calif.",NA,Business; Part C; Business Desk,https://www.proquest.com/newspapers/batteries-next-frontier-innovation-is-speeding-up/docview/1736613264/se-2?accountid=13360
61,U.N. CLIMATE CHANGE SUMMIT; Setting the pace; Brown and his predecessor put a bipartisan spin on a fight they share,"Megerian, Chris","Los Angeles Times; Los Angeles, Calif.","Dec 7, 2015","Los Angeles, Calif.",NA,California; Part B; Metro Desk,https://www.proquest.com/newspapers/u-n-climate-change-summit-setting-pace-brown-his/docview/1744604808/se-2?accountid=13360
62,State investigates Exxon Mobil on climate change; Kamala Harris wants to know whether the oil company lied to investors about risks.,"Penn, Ivan","Los Angeles Times; Los Angeles, Calif.","Jan 20, 2016","Los Angeles, Calif.",NA,Main News; Part A; Business Desk,https://www.proquest.com/newspapers/state-investigates-exxon-mobil-on-climate-change/docview/1758057423/se-2?accountid=13360
63,THE OSCARS / THE ACTORS; Tying work to a greater cause; Leonardo DiCaprio discusses climate change from the stage after winning for 'Revenant.',"Brown, August; King, Susan","Los Angeles Times; Los Angeles, Calif.","Feb 29, 2016","Los Angeles, Calif.",NA,Special Section; Part U; Entertainment Desk,https://www.proquest.com/newspapers/oscars-actors-tying-work-greater-cause-leonardo/docview/1768522164/se-2?accountid=13360
64,CalPERS nudges energy companies; The pension fund calls on Exxon and Chevron to disclose the financial risks of climate change.,"Shalev, Asaf","Los Angeles Times; Los Angeles, Calif.","Apr 13, 2016","Los Angeles, Calif.",NA,Business; Part C; Business Desk,https://www.proquest.com/newspapers/calpers-nudges-energy-companies-pension-fund/docview/1780423556/se-2?accountid=13360
65,"THE NATION; Delegates in place, Trump rejects climate change pact","Finnegan, Michael","Los Angeles Times; Los Angeles, Calif.","May 27, 2016","Los Angeles, Calif.",NA,Main News; Part A; National Desk,https://www.proquest.com/newspapers/nation-delegates-place-trump-rejects-climate/docview/1791545915/se-2?accountid=13360
66,"CLIMATE CHANGE; A new push to revive state's cap-and-trade; With a key legislative debate looming, governor's panel issues a plan to bolster and extend the emissions program.","Dillon, Liam","Los Angeles Times; Los Angeles, Calif.","Jul 14, 2016","Los Angeles, Calif.",NA,California; Part B; Local Desk,https://www.proquest.com/newspapers/climate-change-new-push-revive-states-cap-trade/docview/1803670576/se-2?accountid=13360
67,Emissions bill clears a big hurdle; Controversial climate change measure is approved by the Assembly amid heavy pressure by lobbyists.,"Megerian, Chris; Mason, Melanie; Dillon, Liam","Los Angeles Times; Los Angeles, Calif.","Aug 24, 2016","Los Angeles, Calif.",NA,California; Part B; Local Desk,https://www.proquest.com/newspapers/emissions-bill-clears-big-hurdle-controversial/docview/1813502972/se-2?accountid=13360
68,"TRAIL GUIDE; Ad spending gets serious; Pronouncing 'Nevada,' a national split on climate change, and more","Lee, Kurtis; Mascaro, Lisa; Finnegan, Michael; Rushton, Christine","Los Angeles Times; Los Angeles, Calif.","Oct 8, 2016","Los Angeles, Calif.",NA,Main News; Part A; National Desk,https://www.proquest.com/newspapers/trail-guide-ad-spending-gets-serious-pronouncing/docview/1826845233/se-2?accountid=13360
69,"How the U.S. proposes to reduce emissions and limit climate change; The strategies include fossil fuel cutbacks, renewable energy and carbon sequestration.","Yardley, William","Los Angeles Times; Los Angeles, Calif.","Nov 17, 2016","Los Angeles, Calif.",NA,Main News; Part A; Foreign Desk,https://www.proquest.com/newspapers/how-u-s-proposes-reduce-emissions-limit-climate/docview/1840606485/se-2?accountid=13360
70,Oyster die-off may be tied to climate change,"Greene, Sean","Los Angeles Times; Los Angeles, Calif.","Dec 18, 2016","Los Angeles, Calif.",NA,California; Part B; Science Desk,https://www.proquest.com/newspapers/oyster-die-off-may-be-tied-climate-change/docview/1849820288/se-2?accountid=13360
71,"Trump's moves are 'irrelevant' to California; Acting on its own on climate change, the state is ahead of the game. There is anxiety among some firms.","Megerian, Chris","Los Angeles Times; Los Angeles, Calif.","Mar 29, 2017","Los Angeles, Calif.",NA,Main News; Part A; National Desk,https://www.proquest.com/newspapers/trumps-moves-are-irrelevant-california-acting-on/docview/1881641811/se-2?accountid=13360
72,"CANNES FILM FESTIVAL; It's Al Gore, the sequel; Undaunted by Trump, he has hope regarding climate change in a new documentary.","Turan, Kenneth","Los Angeles Times; Los Angeles, Calif.","May 24, 2017","Los Angeles, Calif.",NA,Calendar; Part E; Entertainment Desk,https://www.proquest.com/newspapers/cannes-film-festival-al-gore-sequel-undaunted/docview/1901582043/se-2?accountid=13360
73,THE NATION; Toxic waste vs. climate change; Will EPA consider the science as it focuses on Superfund sites?,"Yardley, William","Los Angeles Times; Los Angeles, Calif.","Jun 14, 2017","Los Angeles, Calif.",NA,Main News; Part A; National Desk,https://www.proquest.com/newspapers/nation-toxic-waste-vs-climate-change-will-epa/docview/1909090860/se-2?accountid=13360
74,ENVIRONMENTAL WATCH; Gore praises Brown's work in climate change activism; Former vice president lauds cap-and-trade program at a forum in San Francisco.,"Megerian, Chris","Los Angeles Times; Los Angeles, Calif.","Jul 25, 2017","Los Angeles, Calif.",NA,California; Part B; Local Desk,https://www.proquest.com/newspapers/environmental-watch-gore-praises-browns-work/docview/1922787141/se-2?accountid=13360
75,"Harvey's lessons for Trump; Heed the experts, Mr. President, on the link between climate change and the disaster in Texas.",NA,"Los Angeles Times; Los Angeles, Calif.","Aug 30, 2017","Los Angeles, Calif.",NA,Main News; Part A; Editorial Desk,https://www.proquest.com/newspapers/harveys-lessons-trump-heed-experts-mr-president/docview/1933399967/se-2?accountid=13360
76,"The deadly fires up north; Like the hurricanes before them, the raging blazes should send a dire message about climate change.",NA,"Los Angeles Times; Los Angeles, Calif.","Oct 12, 2017","Los Angeles, Calif.",NA,Main News; Part A; Editorial Desk,https://www.proquest.com/newspapers/deadly-fires-up-north-like-hurricanes-before-them/docview/1949878582/se-2?accountid=13360
77,THE YEAR IN REVIEW; BUILDING TYPE; WHAT'S NOW NORMAL; Floods and wildfires affect more people as climate change worsens and we build in disaster-prone areas,"Hawthorne, Christopher","Los Angeles Times; Los Angeles, Calif.","Dec 17, 2017","Los Angeles, Calif.",NA,Sunday Calendar; Part F; Calendar Desk,https://www.proquest.com/newspapers/year-review-building-type-whats-now-normal-floods/docview/1977621349/se-2?accountid=13360
78,STUDY: SPECIES WILL COMPETE MORE: RESEARCHER ANALYZES CLIMATE CHANGE'S EFFECTS; UNIVERSITY OF CONNECTICUT,"Weir, William","Hartford Courant; Hartford, Conn.","Jan 4, 2012","Hartford, Conn.",B.8,CTNOW,https://www.proquest.com/newspapers/study-species-will-compete-more/docview/914414207/se-2?accountid=13360
79,PURA OKS ENERGY CREDITS: RENEWABLE ENERGY PROGRAM,"PODSADA, JANICE","Hartford Courant; Hartford, Conn.","Apr 5, 2012","Hartford, Conn.",A.9,MAIN (A),https://www.proquest.com/newspapers/pura-oks-energy-credits/docview/969122052/se-2?accountid=13360
80,EAST HARTFORD PURSUING MORE SOLAR ENERGY PROJECTS: RENEWABLE ENERGY,"Traynor, Melissa","Hartford Courant; Hartford, Conn.","Sep 28, 2012","Hartford, Conn.",B.3,CTNOW,https://www.proquest.com/newspapers/east-hartford-pursuing-more-solar-energy-projects/docview/1081674156/se-2?accountid=13360
81,HURRICANE SANDY CLIMATE CHANGE MESSAGE: OP-ED,"Thorson, Robert","Hartford Courant; Hartford, Conn.","Nov 1, 2012","Hartford, Conn.",A.14,OPINION,https://www.proquest.com/newspapers/hurricane-sandy-climate-change-message/docview/1125334395/se-2?accountid=13360
82,"WHAT CAN WE LEARN FROM SANDY?: RESEARCHERS LOOK AT DATA TO SEE IF BIGGER, UNIQUE STORMS COULD HAPPEN MORE FREQUENTLY; CLIMATE CHANGE","Weir, William","Hartford Courant; Hartford, Conn.","Dec 30, 2012","Hartford, Conn.",B.2,CTNOW,https://www.proquest.com/newspapers/what-can-we-learn-sandy/docview/1265821315/se-2?accountid=13360
83,STATE'S PLAN LOOKS TO HYDROPOWER: OFFICIALS WANT TO DECREASE RELIANCE ON BIOMASS; RENEWABLE ENERGY,"Dowling, Brian","Hartford Courant; Hartford, Conn.","Mar 19, 2013","Hartford, Conn.",A.6,MAIN (A),https://www.proquest.com/newspapers/states-plan-looks-hydropower/docview/1318378584/se-2?accountid=13360
84,"CRRA CAPS LANDFILL, PUTS UP SOLAR ARRAY: SITE FIRST IN CT FOR RENEWABLE ENERGY PROJECT; HARTFORD","Dowling, Brian","Hartford Courant; Hartford, Conn.","Jun 8, 2013","Hartford, Conn.",A.5,MAIN (A),https://www.proquest.com/newspapers/crra-caps-landfill-puts-up-solar-array/docview/1366070930/se-2?accountid=13360
85,A POWER PLAY: PLANS EXPAND AS PLANT SEEKS BIDS FOR RENEWABLE ENERGY CONTRACT; MONTVILLE,"Dowling, Brian","Hartford Courant; Hartford, Conn.","Aug 6, 2013","Hartford, Conn.",A.8,MAIN (A),https://www.proquest.com/newspapers/power-play/docview/1417993583/se-2?accountid=13360
86,"RELIGIOUS LEADERS TALK FAITH, CLIMATE CHANGE: SUMMIT FOCUSES ON RELIGION'S ENVIRONMENTAL STEWARDSHIP ROLE; HARTFORD","Weir, William","Hartford Courant; Hartford, Conn.","Nov 8, 2013","Hartford, Conn.",B.3,CONNECTICUT,https://www.proquest.com/newspapers/religious-leaders-talk-faith-climate-change/docview/1449473585/se-2?accountid=13360
87,RENEWABLE ENERGY LAWSUIT: ESTY OVERSTEPS AUTHORITY: UTILITIES,"Haar, Dan","Hartford Courant; Hartford, Conn.","Dec 28, 2013","Hartford, Conn.",A.9,MAIN (A),https://www.proquest.com/newspapers/renewable-energy-lawsuit-esty-oversteps-authority/docview/1473655032/se-2?accountid=13360
88,"CLIMATE CHANGE COMES CALLING, NO DENYING IT / OUR VIEW",NA,"Hartford Courant; Hartford, Conn.","May 18, 2014","Hartford, Conn.",C.2,OPINION,https://www.proquest.com/newspapers/climate-change-comes-calling-no-denying-our-view/docview/1526956843/se-2?accountid=13360
89,HYDROPOWER PROJECT RECEIVES PRAISE: POLITICIANS ANNOUNCE PASSAGE OF COLLINSVILLE RENEWABLE ENERGY PROMOTION ACT,"Byron, Ken","Hartford Courant; Hartford, Conn.","Jul 10, 2014","Hartford, Conn.",V.12,FARMINGTON VALLEY EXTRA,https://www.proquest.com/newspapers/hydropower-project-receives-praise/docview/1544427615/se-2?accountid=13360
90,GROWING PAINS: CLIMATE CHANGE PRESENTS RISKS AND OPPORTUNITIES FOR VINTNERS; CONNECTICUT WINE,"Hladky, Gregory B","Hartford Courant; Hartford, Conn.","Nov 10, 2014","Hartford, Conn.",A.1,MAIN (A),https://www.proquest.com/newspapers/growing-pains/docview/1622346858/se-2?accountid=13360
91,BIOMASS PLANT SOLD AGAIN: GREENLEAF POWER TAKING OVER WOOD-FIRED OPERATION FROM LEIDOS INC.; PLAINFIELD RENEWABLE ENERGY,"Dowling, Brian","Hartford Courant; Hartford, Conn.","Mar 26, 2015","Hartford, Conn.",A.12,MAIN (A),https://www.proquest.com/newspapers/biomass-plant-sold-again/docview/1666792294/se-2?accountid=13360
92,MALLOY 'RECOMMITS' TO 2050 GOALS: CLIMATE CHANGE,"Dowling, Brian","Hartford Courant; Hartford, Conn.","Apr 23, 2015","Hartford, Conn.",A.7,MAIN (A),https://www.proquest.com/newspapers/malloy-recommits-2050-goals/docview/1675002576/se-2?accountid=13360
93,MALLOY URGES NEW COUNCIL TO LEAD: CLIMATE CHANGE,"Hladky, Gregory B","Hartford Courant; Hartford, Conn.","Jul 11, 2015","Hartford, Conn.",B.1,CONNECTICUT,https://www.proquest.com/newspapers/malloy-urges-new-council-lead/docview/1695797485/se-2?accountid=13360
94,GREENSKIES SEALS $165M IN FINANCING: RENEWABLE ENERGY,"Lee, Mara","Hartford Courant; Hartford, Conn.","Aug 20, 2015","Hartford, Conn.",A.12,MAIN (A),https://www.proquest.com/newspapers/greenskies-seals-165m-financing/docview/1705533884/se-2?accountid=13360
95,CHRIS SCHWEITZER: LOOKING AT ART AS A WAY TO HIGHLIGHT CLIMATE CHANGE,"TUHUS, MELINDA","Hartford Courant; Hartford, Conn.","Nov 22, 2015","Hartford, Conn.",38,NEW HAVEN LIVING MAGAZINE,https://www.proquest.com/newspapers/chris-schweitzer/docview/1753903750/se-2?accountid=13360
96,OPTIMISTIC MCCARTHY BACK IN STATE: FORMER CONNECTICUT COMMISSIONER HAS HIGH PRAISE FOR CLIMATE CHANGE ACCORD SIGNED IN PARIS; EPA ADMINISTRATOR,"Keating, Christopher","Hartford Courant; Hartford, Conn.","Dec 19, 2015","Hartford, Conn.",B.1,CONNECTICUT,https://www.proquest.com/newspapers/optimistic-mccarthy-back-state/docview/1750225329/se-2?accountid=13360
97,FUNDS LACKING TO PRESERVE OPEN SPACE: INCREASING EFFECTS OF CLIMATE CHANGE VIA GLOBAL WARMING ALSO CITED BY WATCHDOG AGENCY; REPORT: STATE'S ENVIRONMENTAL CONCERNS,"Hladky, Gregory B","Hartford Courant; Hartford, Conn.","Apr 16, 2016","Hartford, Conn.",B.1,CONNECTICUT,https://www.proquest.com/newspapers/funds-lacking-preserve-open-space/docview/1781350358/se-2?accountid=13360
98,"Climate Change: Warming Reshaping Face Of State: Growing Seasons Lengthen, Rising Ocean Levels Seen As Harbinger Of Stronger Storms","Hladky, Gregory B","Hartford Courant; Hartford, Conn.","Aug 22, 2016","Hartford, Conn.",A.1,NA,https://www.proquest.com/newspapers/climate-change-warming-reshaping-face-state/docview/1812836341/se-2?accountid=13360
99,"Republican deal averts vote: on impeaching director of IRS: NEWS BRIEFING: Tribune Newspapers & news services: Obama: Atlantic marine reserve helps in fighting climate change: Deal with opponents of Arizona immigration law ends lawsuit: Police: Man with meat cleaver attacks NYC officer, is shot: Found wing flap confirmed as part of MH370: Senate OKs bill that includes emergency funds for Flint",NA,"Hartford Courant; Hartford, Conn.","Sep 16, 2016","Hartford, Conn.",A.10,NA,https://www.proquest.com/newspapers/republican-deal-averts-vote-on-impeaching/docview/1819656057/se-2?accountid=13360
100,33rd Senate District: Green Party Candidate: Real Issues Ignored: Colin Bennett Focuses On Climate Change,"Hladky, Gregory B","Hartford Courant; Hartford, Conn.","Nov 5, 2016","Hartford, Conn.",B.3,NA,https://www.proquest.com/newspapers/33rd-senate-district-green-party-candidate-real/docview/1836140334/se-2?accountid=13360
101,HARTFORD: Rally For Clean Energy: Group Focuses: On Climate Change,"Stoller, Kristin","Hartford Courant; Hartford, Conn.","Dec 4, 2016","Hartford, Conn.",B.5,NA,https://www.proquest.com/newspapers/hartford-rally-clean-energy-group-focuses-on/docview/1845498856/se-2?accountid=13360
102,climate change: 2016: Hottest Year Ever: Three-Year Warming Trend 'A Wake-Up Call',"Mooney, Chris","Hartford Courant; Hartford, Conn.","Jan 19, 2017","Hartford, Conn.",A.1,NA,https://www.proquest.com/newspapers/climate-change-2016-hottest-year-ever-three/docview/1859751331/se-2?accountid=13360
103,letters: Immigration Misconceptions: Loving The South End: Trump's Bad Swamp: Climate Change Created Refugees: White House Website Changes,NA,"Hartford Courant; Hartford, Conn.","Feb 4, 2017","Hartford, Conn.",A.9,NA,https://www.proquest.com/newspapers/letters-immigration-misconceptions-loving-south/docview/1864909331/se-2?accountid=13360
104,"climate change?: A Salad Shortage Tied To Weather: Warmth, Rains Impact Lettuce","Dewey, Caitlin","Hartford Courant; Hartford, Conn.","Mar 4, 2017","Hartford, Conn.",A.5,NA,https://www.proquest.com/newspapers/climate-change-salad-shortage-tied-weather-warmth/docview/1873988359/se-2?accountid=13360
105,"climate change: Apple, Wal-Mart Stick With Pledge","Flavelle, Christopher","Hartford Courant; Hartford, Conn.","Mar 31, 2017","Hartford, Conn.",A.7,NA,https://www.proquest.com/newspapers/climate-change-apple-wal-mart-stick-with-pledge/docview/1883614747/se-2?accountid=13360
106,Maduro starts work on rewrite of constitution amid violence; NEWS BRIEFING; Staff and news services; 4th man accuses Seattle mayor of paying for sex decades ago; Environmental groups sue EPA over rollback of pollution rules; Renewable energy critic chosen to head wind and solar projects; 3 Americans injured in attack on Kabul convoy; N. Korea holds U.S. instructor over alleged hostile acts,NA,"Hartford Courant; Hartford, Conn.","May 4, 2017","Hartford, Conn.",A.4,NA,https://www.proquest.com/newspapers/maduro-starts-work-on-rewrite-constitution-amid/docview/1898707130/se-2?accountid=13360
107,"Kehler Liddell Gallery; One Planet, One Home; Climate Change Topic Of New Haven Exhibit Opening Friday","Dunne, Susan","Hartford Courant; Hartford, Conn.","May 10, 2017","Hartford, Conn.",D.1,NA,https://www.proquest.com/newspapers/kehler-liddell-gallery-one-planet-home-climate/docview/1899051879/se-2?accountid=13360
108,Climate change; Malloy: State Will Redouble Its Efforts; Pledges Pursuit; Of Clean Energy,"Blair, Russell","Hartford Courant; Hartford, Conn.","Jun 2, 2017","Hartford, Conn.",A.4,NA,https://www.proquest.com/newspapers/climate-change-malloy-state-will-redouble-efforts/docview/1904716060/se-2?accountid=13360
109,"Egypt attacks: 2 German tourists, 5 policemen killed; NEWS BRIEFING; Tribune Newspapers and news services; Cleared in killing of unarmed black man, Tulsa cop resigns; Pentagon: Afghanistan leader ; of ISIS killed in drone strike; Court: N.C. officials' prayer practice violated Constitution; Defense bill calls climate change a security threat; White House: Budget deficit will spike to $702 billion",NA,"Hartford Courant; Hartford, Conn.","Jul 15, 2017","Hartford, Conn.",A.5,NA,https://www.proquest.com/newspapers/egypt-attacks-2-german-tourists-5-policemen/docview/1919072219/se-2?accountid=13360
110,Op-ed; Trump Policies Made Me A Whistleblower; Interior Department Official Says He Was Transferred To Silence Warnings On Climate Change,"Clement, Joel","Hartford Courant; Hartford, Conn.","Jul 23, 2017","Hartford, Conn.",C.3,NA,https://www.proquest.com/newspapers/op-ed-trump-policies-made-me-whistleblower/docview/1922264004/se-2?accountid=13360
111,Climate change may spur suicides; Study: Indian farmers' deaths rise with bad weather,"Doshi, Vidhi","Hartford Courant; Hartford, Conn.","Aug 3, 2017","Hartford, Conn.",A.10,NA,https://www.proquest.com/newspapers/climate-change-may-spur-suicides-study-indian/docview/1925370079/se-2?accountid=13360
112,"Letters; Millstone Mum ; On Finances; Learning From History; Houston, Could It Be Climate Change?; Pay It Forward Tax Plan",NA,"Hartford Courant; Hartford, Conn.","Sep 9, 2017","Hartford, Conn.",A.7,NA,https://www.proquest.com/newspapers/letters-millstone-mum-on-finances-learning/docview/1936761135/se-2?accountid=13360
113,Renewable Energy; Solar Plan Stirs Debate In Simsbury,JORDAN OTERO SISSON,"Hartford Courant; Hartford, Conn.","Sep 15, 2017","Hartford, Conn.",A.1,NA,https://www.proquest.com/newspapers/renewable-energy-solar-plan-stirs-debate-simsbury/docview/1938781009/se-2?accountid=13360
114,"Jacques Pépin, Hispanic Poets, Climate Change",NA,"Hartford Courant; Hartford, Conn.","Sep 24, 2017","Hartford, Conn.",G.5,NA,https://www.proquest.com/newspapers/jacques-pépin-hispanic-poets-climate-change/docview/1941895359/se-2?accountid=13360
115,Travel tips; How Climate Change Affects Travel - And What To Do,"Elliott, Christopher","Hartford Courant; Hartford, Conn.","Oct 22, 2017","Hartford, Conn.",F.5,NA,https://www.proquest.com/newspapers/travel-tips-how-climate-change-affects-what-do/docview/1953571440/se-2?accountid=13360
116,"Zimbabwe's president cites witchcraft in ousting deputy; NEWS BRIEFING; Tribune Newspapers and news services; Homeland nominee questions human role in climate change ; NATO boosts military abilities as Russia again looms as threat; Egyptian president warns Iran to stop 'meddling' in the region ; New Venezuelan law clamps down on dissent, hate ; Puerto Rico reports a rise in daily deaths after Maria",NA,"Hartford Courant; Hartford, Conn.","Nov 9, 2017","Hartford, Conn.",A.3,NA,https://www.proquest.com/newspapers/zimbabwes-president-cites-witchcraft-ousting/docview/1961737845/se-2?accountid=13360
117,Moody's Puts Price On Climate Change; OP-ED,"Thorson, Robert","Hartford Courant; Hartford, Conn.","Dec 7, 2017","Hartford, Conn.",A.13,NA,https://www.proquest.com/newspapers/moodys-puts-price-on-climate-change-op-ed/docview/1973332539/se-2?accountid=13360
118,Truth of climate change cannot be denied,NA,"The News Journal; Wilmington, Del.","Jan 4, 2012","Wilmington, Del.",NA,OPINION,https://www.proquest.com/newspapers/truth-climate-change-cannot-be-denied/docview/913475384/se-2?accountid=13360
119,Blind pursuit of renewable energy leads to higher prices,"Peterman, Jack","The News Journal; Wilmington, Del.","Apr 14, 2012","Wilmington, Del.",NA,OPINION,https://www.proquest.com/newspapers/blind-pursuit-renewable-energy-leads-higher/docview/1000277992/se-2?accountid=13360
120,Climate change data called politial propaganda,NA,"The News Journal; Wilmington, Del.","Aug 13, 2012","Wilmington, Del.",NA,Letters To The Editor,https://www.proquest.com/newspapers/climate-change-data-called-politial-propaganda/docview/1033183296/se-2?accountid=13360
121,Skeptical of Hansen's view on climate change,NA,"The News Journal; Wilmington, Del.","Aug 16, 2012","Wilmington, Del.",NA,Letters To The Editor,https://www.proquest.com/newspapers/skeptical-hansens-view-on-climate-change/docview/1033732139/se-2?accountid=13360
122,Climate change puts coast in crosshairs,"Montgomery, Jeff; Murray, Molly","The News Journal; Wilmington, Del.","Aug 19, 2012","Wilmington, Del.",NA,Environment,https://www.proquest.com/newspapers/climate-change-puts-coast-crosshairs/docview/1034206876/se-2?accountid=13360
123,Fear scientists more than climate change,NA,"The News Journal; Wilmington, Del.","Aug 21, 2012","Wilmington, Del.",NA,Letters To The Editor,https://www.proquest.com/newspapers/fear-scientists-more-than-climate-change/docview/1034543842/se-2?accountid=13360
124,Distortions fuel the advocacy of climate change,"Legates, David R","The News Journal; Wilmington, Del.","Aug 25, 2012","Wilmington, Del.",NA,Delaware Voice,https://www.proquest.com/newspapers/distortions-fuel-advocacy-climate-change/docview/1034950884/se-2?accountid=13360
125,Warming cycles account for climate change,NA,"The News Journal; Wilmington, Del.","Sep 1, 2012","Wilmington, Del.",NA,Letters To The Editor,https://www.proquest.com/newspapers/warming-cycles-account-climate-change/docview/1037517781/se-2?accountid=13360
126,State braces itself for climate change's rising waters,"Goggin, Brenna","The News Journal; Wilmington, Del.","Sep 27, 2012","Wilmington, Del.",NA,Delaware Voice,https://www.proquest.com/newspapers/state-braces-itself-climate-changes-rising-waters/docview/1080766703/se-2?accountid=13360
127,Wilmington constructing renewable energy site,NA,"The News Journal; Wilmington, Del.","Dec 14, 2012","Wilmington, Del.",NA,Government & Politics,https://www.proquest.com/newspapers/wilmington-constructing-renewable-energy-site/docview/1238141783/se-2?accountid=13360
128,Nation already feeling backlash of unchecked climate change,"Montgomery, Jeff; Murray, Molly","The News Journal; Wilmington, Del.","Jan 12, 2013","Wilmington, Del.",NA,Local,https://www.proquest.com/newspapers/nation-already-feeling-backlash-unchecked-climate/docview/1268820575/se-2?accountid=13360
129,State turns to climate analyst,"Montgomery, Jeff; Murray, Molly","The News Journal; Wilmington, Del.","Jan 12, 2013","Wilmington, Del.",NA,Environment,https://www.proquest.com/newspapers/state-turns-climate-analyst/docview/1268820740/se-2?accountid=13360
130,Fair Hill's renewable energy series; Jeff Dunham at Delaware State Fair: Fair Hill lectures kick off with renewable energy,NA,"The News Journal; Wilmington, Del.","Feb 16, 2013","Wilmington, Del.",NA,Life,https://www.proquest.com/newspapers/fair-hills-renewable-energy-series-jeff-dunham-at/docview/1288798839/se-2?accountid=13360
131,Energy efficiency urged,"Montgomery, Jeff","The News Journal; Wilmington, Del.","Feb 23, 2013","Wilmington, Del.",NA,Local,https://www.proquest.com/newspapers/energy-efficiency-urged/docview/1314534683/se-2?accountid=13360
132,Innovation is the answer to climate-change problems,NA,"The News Journal; Wilmington, Del.","Jun 30, 2013","Wilmington, Del.",NA,Letters To The Editor,https://www.proquest.com/newspapers/innovation-is-answer-climate-change-problems/docview/1372468442/se-2?accountid=13360
133,Dangerous to ignore the facts of climate change,NA,"The News Journal; Wilmington, Del.","Jul 7, 2013","Wilmington, Del.",NA,Letters To The Editor,https://www.proquest.com/newspapers/dangerous-ignore-facts-climate-change/docview/1398316747/se-2?accountid=13360
134,Go out on a limb and prevent climate change,NA,"The News Journal; Wilmington, Del.","Aug 20, 2013","Wilmington, Del.",NA,OPINION,https://www.proquest.com/newspapers/go-out-on-limb-prevent-climate-change/docview/1426253232/se-2?accountid=13360
135,Question the wisdom of renewable energy subsidies,NA,"The News Journal; Wilmington, Del.","Aug 22, 2013","Wilmington, Del.",NA,Letters To The Editor,https://www.proquest.com/newspapers/question-wisdom-renewable-energy-subsidies/docview/1427263727/se-2?accountid=13360
136,Climate change views difficult to sway,"Murray, Molly","The News Journal; Wilmington, Del.","Dec 23, 2013","Wilmington, Del.",NA,Local,https://www.proquest.com/newspapers/climate-change-views-difficult-sway/docview/1470410383/se-2?accountid=13360
137,How smoking tobacco is like burning fossil fuels,NA,"The News Journal; Wilmington, Del.","Jan 17, 2014","Wilmington, Del.",12,A,https://www.proquest.com/newspapers/how-smoking-tobacco-is-like-burning-fossil-fuels/docview/1477961178/se-2?accountid=13360
138,Climate change's effects are too critical to ignore,"Kaufman, Ted","The News Journal; Wilmington, Del.","Jan 19, 2014","Wilmington, Del.",NA,Letters To The Editor,https://www.proquest.com/newspapers/climate-changes-effects-are-too-critical-ignore/docview/1487908075/se-2?accountid=13360
139,Delaware wants action on climate change and jobs,"Starkey, Jonathan; Montgomery, Jeff","The News Journal; Wilmington, Del.","Jan 29, 2014","Wilmington, Del.",1,A,https://www.proquest.com/newspapers/delaware-wants-action-on-climate-change-jobs/docview/1492251016/se-2?accountid=13360
140,Politicians just want to tax and regulate,NA,"The News Journal; Wilmington, Del.","Jan 29, 2014","Wilmington, Del.",NA,Letters To The Editor,https://www.proquest.com/newspapers/politicians-just-want-tax-regulate/docview/1492251132/se-2?accountid=13360
141,Climate change reality is a certifiable given,NA,"The News Journal; Wilmington, Del.","Feb 8, 2014","Wilmington, Del.",NA,Letters To The Editor,https://www.proquest.com/newspapers/climate-change-reality-is-certifiable-given/docview/1496065756/se-2?accountid=13360
142,Kerry lashes out at climate change deniers,"Lee, Matthew","The News Journal; Wilmington, Del.","Feb 17, 2014","Wilmington, Del.",1,A,https://www.proquest.com/newspapers/kerry-lashes-out-at-climate-change-deniers/docview/1498434006/se-2?accountid=13360
143,Some countries foolishly holding back truth on climate change,NA,"The News Journal; Wilmington, Del.","Apr 19, 2014","Wilmington, Del.",7,A,https://www.proquest.com/newspapers/some-countries-foolishly-holding-back-truth-on/docview/1517606498/se-2?accountid=13360
144,climate change past reversing,"Rice, Doyle","The News Journal; Wilmington, Del.","Nov 3, 2014","Wilmington, Del.",2,B,https://www.proquest.com/newspapers/climate-change-past-reversing/docview/1799007007/se-2?accountid=13360
145,ExxonMobil investigated for climate change statements,"McCoy, Kevin","The News Journal; Wilmington, Del.","Nov 6, 2015","Wilmington, Del.",4,B,https://www.proquest.com/newspapers/exxonmobil-investigated-climate-change-statements/docview/1730677650/se-2?accountid=13360
146,Report credits Delaware climate change prep,"Murray, Molly","The News Journal; Wilmington, Del.","Nov 19, 2015","Wilmington, Del.",A.3,News,https://www.proquest.com/newspapers/report-credits-delaware-climate-change-prep/docview/1802213609/se-2?accountid=13360
147,Website to focus on Arctic climate change,NA,"The News Journal; Wilmington, Del.","Nov 27, 2015","Wilmington, Del.",B.5,Business,https://www.proquest.com/newspapers/website-focus-on-arctic-climate-change/docview/1764899047/se-2?accountid=13360
148,5 things to know about the Paris Climate talks,Kim Hjelmgaard,"The News Journal; Wilmington, Del.","Nov 28, 2015","Wilmington, Del.",B.2,News,https://www.proquest.com/newspapers/5-things-know-about-paris-climate-talks/docview/1764888712/se-2?accountid=13360
149,Obama says climate change is a threat military can't fix,"Jackson, David","The News Journal; Wilmington, Del.","Dec 5, 2015","Wilmington, Del.",B.1,News,https://www.proquest.com/newspapers/obama-says-climate-change-is-threat-military-cant/docview/1764883120/se-2?accountid=13360
150,"Progress in Delaware, but more to do on climate change",NA,"The News Journal; Wilmington, Del.","Dec 11, 2015","Wilmington, Del.",A.17,Opinion,https://www.proquest.com/newspapers/progress-delaware-more-do-on-climate-change/docview/1802214048/se-2?accountid=13360
151,Climate change is real,NA,"The News Journal; Wilmington, Del.","Dec 23, 2015","Wilmington, Del.",A.7,Opinion,https://www.proquest.com/newspapers/climate-change-is-real/docview/1802214007/se-2?accountid=13360
152,Climate change hurts Vietnamese farmers,"Maresca, Thomas","The News Journal; Wilmington, Del.","Apr 24, 2016","Wilmington, Del.",B.4,News,https://www.proquest.com/newspapers/climate-change-hurts-vietnamese-farmers/docview/1783768282/se-2?accountid=13360
153,A Trump vote defies climate change gains,NA,"The News Journal; Wilmington, Del.","Sep 20, 2016","Wilmington, Del.",A.8,Opinion,https://www.proquest.com/newspapers/trump-vote-defies-climate-change-gains/docview/1821128572/se-2?accountid=13360
154,Trump & Co. need to realize climate change is a threat,NA,"The News Journal; Wilmington, Del.","Sep 25, 2016","Wilmington, Del.",A.31,Opinion,https://www.proquest.com/newspapers/trump-co-need-realize-climate-change-is-threat/docview/1823215217/se-2?accountid=13360
155,Poor water quality plagues Inland Bays,"Murray, Molly","The News Journal; Wilmington, Del.","Nov 17, 2016","Wilmington, Del.",A.5,News,https://www.proquest.com/newspapers/poor-water-quality-plagues-inland-bays/docview/1840590160/se-2?accountid=13360
156,Climate change is a defining moral challenge,"Voice, Delaware","The News Journal; Wilmington, Del.","Dec 20, 2016","Wilmington, Del.",A.19,Opinion,https://www.proquest.com/newspapers/climate-change-is-defining-moral-challenge/docview/1850376797/se-2?accountid=13360
157,Elevate national honor above art of deal,NA,"The News Journal; Wilmington, Del.","Jan 22, 2017","Wilmington, Del.",A.18,Opinion,https://www.proquest.com/newspapers/elevate-national-honor-above-art-deal/docview/1860746042/se-2?accountid=13360
158,Report: Climate change can take toll on mental health,"Naqvi, Jia","The News Journal; Wilmington, Del.","Apr 6, 2017","Wilmington, Del.",E.3,News,https://www.proquest.com/newspapers/report-climate-change-can-take-toll-on-mental/docview/1884392610/se-2?accountid=13360
159,RENEWABLE ENERGY DEBATE RETURNS: A bill would give homeowners and businesses that invest in green energy a tax break in 2013.,"Klas, Mary Ellen",Tampa Bay Times; Tampa Bay,"Jan 31, 2012",Tampa Bay,B.7,LOCAL,https://www.proquest.com/newspapers/renewable-energy-debate-returns/docview/918781181/se-2?accountid=13360
160,STIMULUS BILL FUNDED GRANTS FOR CLIMATE-CHANGE DATA,"Jacobson, Louis",Tampa Bay Times; Tampa Bay,"Mar 13, 2012",Tampa Bay,NA,NA,https://www.proquest.com/newspapers/stimulus-bill-funded-grants-climate-change-data/docview/927911772/se-2?accountid=13360
161,ON MITT ROMNEY AND WHETHER HUMANS ARE CAUSING CLIMATE CHANGE,"Jacobson, Louis",Tampa Bay Times; Tampa Bay,"May 15, 2012",Tampa Bay,NA,NA,https://www.proquest.com/newspapers/on-mitt-romney-whether-humans-are-causing-climate/docview/1013829963/se-2?accountid=13360
162,Obama overstates on use of renewable energy,"Jacobson, Louis",Tampa Bay Times; Tampa Bay,"Sep 16, 2012",Tampa Bay,D.2,BUSINESS,https://www.proquest.com/newspapers/obama-overstates-on-use-renewable-energy/docview/1040842605/se-2?accountid=13360
163,NOT AS MUCH MONEY AS PROMISED FOR CLIMATE CHANGE PROGRAMS,"Dyer, Kelly",Tampa Bay Times; Tampa Bay,"Nov 8, 2012",Tampa Bay,NA,NA,https://www.proquest.com/newspapers/not-as-much-money-promised-climate-change/docview/1145611772/se-2?accountid=13360
164,CLIMATE CHANGE MEETS OUR SHORES,NA,Tampa Bay Times; Tampa Bay,"Jan 2, 2013",Tampa Bay,A.10,NATIONAL,https://www.proquest.com/newspapers/climate-change-meets-our-shores/docview/1266025464/se-2?accountid=13360
165,WHAT YOU CAN DO TO FIX CLIMATE CHANGE,"Renner, Edward",Tampa Bay Times; Tampa Bay,"May 19, 2013",Tampa Bay,P.1,PERSPECTIVE,https://www.proquest.com/newspapers/what-you-can-do-fix-climate-change/docview/1353334843/se-2?accountid=13360
166,"JUST 3% OF YOUNGER VOTERS DON'T BELIEVE CLIMATE CHANGE IS HAPPENING, SEN. CHRIS MURPHY SAYS","Jacobson, Louis",Tampa Bay Times; Tampa Bay,"Jan 15, 2014",Tampa Bay,NA,NA,https://www.proquest.com/newspapers/just-3-younger-voters-dont-believe-climate-change/docview/1477784765/se-2?accountid=13360
167,HEADS IN THE SAND ON CLIMATE CHANGE,NA,Tampa Bay Times; Tampa Bay,"Jan 29, 2014",Tampa Bay,A.10,NATIONAL,https://www.proquest.com/newspapers/heads-sand-on-climate-change/docview/1492273180/se-2?accountid=13360
168,CLIMATE CHANGE SKEPTIC PATRICK MOORE SAYS EARTH HAS 'NOT WARMED FOR THE LAST 17 YEARS',"Sanders, Katie",Tampa Bay Times; Tampa Bay,"Mar 17, 2014",Tampa Bay,NA,NA,https://www.proquest.com/newspapers/climate-change-skeptic-patrick-moore-says-earth/docview/1508137294/se-2?accountid=13360
169,"CLIMATE STUDY: BAY AREA IN CROSS-HAIRS: Climate change is affecting Tampa Bay area now, new report finds.","Pittman, Craig",Tampa Bay Times; Tampa Bay,"May 7, 2014",Tampa Bay,A.1,NATIONAL,https://www.proquest.com/newspapers/climate-study-bay-area-cross-hairs/docview/1521425389/se-2?accountid=13360
170,"'BELIEF IN CLIMATE CHANGE IS OPTIONAL, BUT PARTICIPATION IS MANDATORY.': Three-quarters of Floridians live on the coast - the cross hairs for climate change. That includes prominent, unfazed Republicans.","Pittman, Craig; Baird, Caryn",Tampa Bay Times; Tampa Bay,"May 18, 2014",Tampa Bay,P.1,PERSPECTIVE,https://www.proquest.com/newspapers/belief-climate-change-is-optional-participation/docview/1525992723/se-2?accountid=13360
171,"CRIST, SCOTT TO GET CLIMATE INFORMATION: Both now say they'll meet with scientists on climate change impact.","Klas, Mary Ellen",Tampa Bay Times; Tampa Bay,"Jul 19, 2014",Tampa Bay,B.3,LOCAL,https://www.proquest.com/newspapers/crist-scott-get-climate-information/docview/1546301737/se-2?accountid=13360
172,SHEDDING LIGHT ON HEAT ABOUT CLIMATE CHANGE,ANGIE DROBNIC HOLAN,Tampa Bay Times; Tampa Bay,"Sep 28, 2014",Tampa Bay,P.4,PERSPECTIVE,https://www.proquest.com/newspapers/shedding-light-on-heat-about-climate-change/docview/1566170514/se-2?accountid=13360
173,BOLD STEP ON CLIMATE CHANGE,NA,Tampa Bay Times; Tampa Bay,"Nov 13, 2014",Tampa Bay,A.8,NATIONAL,https://www.proquest.com/newspapers/bold-step-on-climate-change/docview/1623495177/se-2?accountid=13360
174,"WIDELY SHARED MEME OVERSIMPLIFIES JOE BARTON'S 2009 COMMENT ON WIND ENERGY, CLIMATE CHANGE","Jacobson, Louis",Tampa Bay Times; Tampa Bay,"Jan 15, 2015",Tampa Bay,NA,NA,https://www.proquest.com/newspapers/widely-shared-meme-oversimplifies-joe-bartons/docview/1645934397/se-2?accountid=13360
175,BANNING WORDS WON'T STOP CLIMATE CHANGE,"Daniel, Ruth",Tampa Bay Times; Tampa Bay,"Mar 12, 2015",Tampa Bay,A.13,NATIONAL,https://www.proquest.com/newspapers/banning-words-wont-stop-climate-change/docview/1662441698/se-2?accountid=13360
176,OFFICIAL DANCES AROUND 'CLIMATE CHANGE',"Bousquet, Steve",Tampa Bay Times; Tampa Bay,"Mar 20, 2015",Tampa Bay,A.5,NATIONAL,https://www.proquest.com/newspapers/official-dances-around-climate-change/docview/1664792742/se-2?accountid=13360
177,THE GRAVE IMPACTS OF CLIMATE CHANGE,NA,Tampa Bay Times; Tampa Bay,"Jul 30, 2015",Tampa Bay,A.10,NATIONAL,https://www.proquest.com/newspapers/grave-impacts-climate-change/docview/1700132659/se-2?accountid=13360
178,FACT-CHECKING CLAIMS ON CLIMATE CHANGE,"Carroll, Lauren; Qiu, Linda",Tampa Bay Times; Tampa Bay,"Sep 3, 2015",Tampa Bay,NA,NA,https://www.proquest.com/newspapers/fact-checking-claims-on-climate-change/docview/1709433104/se-2?accountid=13360
179,CLIMATE CHANGE WORSENS HURRICANE THREATS,NA,Tampa Bay Times; Tampa Bay,"Sep 6, 2015",Tampa Bay,P.2,PERSPECTIVE,https://www.proquest.com/newspapers/climate-change-worsens-hurricane-threats/docview/1710387905/se-2?accountid=13360
180,FACT-CHECKING THE LINK BETWEEN CLIMATE CHANGE AND ISIS,"Qiu, Linda",Tampa Bay Times; Tampa Bay,"Sep 23, 2015",Tampa Bay,NA,NA,https://www.proquest.com/newspapers/fact-checking-link-between-climate-change-isis/docview/1716026645/se-2?accountid=13360
181,"TAMPA BAY AMONG TOP 10 REGIONS MOST THREATENED BY CLIMATE CHANGE, SIERRA CLUB CHAPTER SAYS","Gillin, Joshua",Tampa Bay Times; Tampa Bay,"Feb 26, 2016",Tampa Bay,NA,NA,https://www.proquest.com/newspapers/tampa-bay-among-top-10-regions-most-threatened/docview/1768592146/se-2?accountid=13360
182,OBAMA: NONE OF THE GOP CANDIDATES HAVE CLIMATE CHANGE PLAN,"Carroll, Lauren",Tampa Bay Times; Tampa Bay,"Mar 1, 2016",Tampa Bay,NA,NA,https://www.proquest.com/newspapers/obama-none-gop-candidates-have-climate-change/docview/1771862299/se-2?accountid=13360
183,THEOLOGIAN TO DELIVER MESSAGE ABOUT CLIMATE CHANGE,"Whitman, Sarah",Tampa Bay Times; Tampa Bay,"May 6, 2016",Tampa Bay,5,TAMPA TRIBUNE,https://www.proquest.com/newspapers/theologian-deliver-message-about-climate-change/docview/1787154279/se-2?accountid=13360
184,BERNIE SANDERS SAYS ONLY HE SUPPORTS CARBON TAX AND 'AGGRESSIVE' APPROACH TO CLIMATE CHANGE,"Qiu, Linda",Tampa Bay Times; Tampa Bay,"May 29, 2016",Tampa Bay,NA,NA,https://www.proquest.com/newspapers/bernie-sanders-says-only-he-supports-carbon-tax/docview/1792400783/se-2?accountid=13360
185,"YES, DONALD TRUMP DID CALL CLIMATE CHANGE A CHINESE HOAX","Jacobson, Louis",Tampa Bay Times; Tampa Bay,"Jun 3, 2016",Tampa Bay,NA,NA,https://www.proquest.com/newspapers/yes-donald-trump-did-call-climate-change-chinese/docview/1793920566/se-2?accountid=13360
186,FACT-CHECKING BILL CLINTON ON HILLARY'S BIG CLIMATE CHANGE ACCOMPLISHMENT,"Qiu, Linda",Tampa Bay Times; Tampa Bay,"Jul 28, 2016",Tampa Bay,NA,NA,https://www.proquest.com/newspapers/fact-checking-bill-clinton-on-hillarys-big/docview/1807625712/se-2?accountid=13360
187,CLIMATE CHANGE BRINGS NEW THREATS OF DISEASE,"Goswami, D Yogi",Tampa Bay Times; Tampa Bay,"Aug 1, 2016",Tampa Bay,7,NATIONAL,https://www.proquest.com/newspapers/climate-change-brings-new-threats-disease/docview/1807907866/se-2?accountid=13360
188,THE REALITY OF CLIMATE CHANGE HITS FLORIDA,NA,Tampa Bay Times; Tampa Bay,"Sep 10, 2016",Tampa Bay,12,NATIONAL,https://www.proquest.com/newspapers/reality-climate-change-hits-florida/docview/1818354043/se-2?accountid=13360
189,"DEMOCRATS MISLEAD IN ATTACK ON CARLOS CURBELO'S RECORD ON CLIMATE CHANGE, DRILLING","Sherman, Amy",Tampa Bay Times; Tampa Bay,"Sep 29, 2016",Tampa Bay,NA,NA,https://www.proquest.com/newspapers/democrats-mislead-attack-on-carlos-curbelos/docview/1829547596/se-2?accountid=13360
190,MEETING THREAT OF CLIMATE CHANGE,NA,Tampa Bay Times; Tampa Bay,"Oct 16, 2016",Tampa Bay,2,PERSPECTIVE,https://www.proquest.com/newspapers/meeting-threat-climate-change/docview/1829547426/se-2?accountid=13360
191,CLIMATE CHANGE SKEPTICISM PERPLEXING,"DeWitt, Dan",Tampa Bay Times; Tampa Bay,"Dec 2, 2016",Tampa Bay,1,HERNANDO TIMES,https://www.proquest.com/newspapers/climate-change-skepticism-perplexing/docview/1845243997/se-2?accountid=13360
192,HERE'S WHAT YOU NEED TO KNOW ABOUT CALIFORNIA'S CLIMATE CHANGE DEAL,"Qiu, Linda",Tampa Bay Times; Tampa Bay,"Jan 26, 2017",Tampa Bay,NA,NA,https://www.proquest.com/newspapers/heres-what-you-need-know-about-californias/docview/1862160371/se-2?accountid=13360
193,DON'T BLAME CLIMATE CHANGE ON FOOD WASTE,"Greenberg, Jon",Tampa Bay Times; Tampa Bay,"Feb 19, 2017",Tampa Bay,5,PERSPECTIVE,https://www.proquest.com/newspapers/dont-blame-climate-change-on-food-waste/docview/1870041687/se-2?accountid=13360
194,RICK SANTORUM GARBLES CLIMATE CHANGE COMMENTS BY OBAMA'S EPA CHIEF,"Jacobson, Louis",Tampa Bay Times; Tampa Bay,"Apr 6, 2017",Tampa Bay,NA,NA,https://www.proquest.com/newspapers/rick-santorum-garbles-climate-change-comments/docview/1885250452/se-2?accountid=13360
195,PUT FOCUS ON RENEWABLE ENERGY,NA,Tampa Bay Times; Tampa Bay,"Aug 3, 2017",Tampa Bay,6,NATIONAL,https://www.proquest.com/newspapers/put-focus-on-renewable-energy/docview/1925434143/se-2?accountid=13360
196,"FAKE PHOTO SHOWS POSSIBLE CLIMATE CHANGE EFFECTS, NOT FLOODED HOUSTON AIRPORT","Gillin, Joshua",Tampa Bay Times; Tampa Bay,"Aug 29, 2017",Tampa Bay,NA,NA,https://www.proquest.com/newspapers/fake-photo-shows-possible-climate-change-effects/docview/1933647639/se-2?accountid=13360
197,"NO, 30,000 SCIENTISTS HAVE NOT SAID CLIMATE CHANGE IS A HOAX","Greenberg, Jon",Tampa Bay Times; Tampa Bay,"Sep 8, 2017",Tampa Bay,NA,NA,https://www.proquest.com/newspapers/no-30-000-scientists-have-not-said-climate-change/docview/1938636990/se-2?accountid=13360
198,GWEN GRAHAM ACCURATELY SAYS PARTS OF FLORIDA'S INFRASTRUCTURE NOT PREPARED FOR CLIMATE CHANGE,"Graves, Allison",Tampa Bay Times; Tampa Bay,"Sep 25, 2017",Tampa Bay,NA,NA,https://www.proquest.com/newspapers/gwen-graham-accurately-says-parts-floridas/docview/1945873226/se-2?accountid=13360
199,"ENERGY: State plans solar power projects: Georgia Power, regulator work to get option on grid. Southeast lags in renewable energy.","Swartz, Kristi E","The Atlanta Journal - Constitution; Atlanta, Ga.","Aug 31, 2012","Atlanta, Ga.",NA,News,https://www.proquest.com/newspapers/energy-state-plans-solar-power-projects-georgia/docview/1037175316/se-2?accountid=13360
200,"ENERGY: Georgia Power to buy more solar: Customer bills will not be affected by renewable energy plan, utility says.","Swartz, Kristi E","The Atlanta Journal - Constitution; Atlanta, Ga.","Sep 27, 2012","Atlanta, Ga.",NA,News,https://www.proquest.com/newspapers/energy-georgia-power-buy-more-solar-customer/docview/1080587981/se-2?accountid=13360
201,Novel also clever class on warming: Climate change and rural life intersect in Kingsolver's new book.,"Webb, Gina","The Atlanta Journal - Constitution; Atlanta, Ga.","Nov 4, 2012","Atlanta, Ga.",NA,FEATURES,https://www.proquest.com/newspapers/novel-also-clever-class-on-warming-climate-change/docview/1125695832/se-2?accountid=13360
202,Climate-change claims in 2012,"Stirgus, Eric","The Atlanta Journal - Constitution; Atlanta, Ga.","Dec 29, 2012","Atlanta, Ga.",NA,METRO,https://www.proquest.com/newspapers/climate-change-claims-2012/docview/1264875165/se-2?accountid=13360
203,GUEST COLUMN: Imposing renewable energy won't work,"Dodd, Benita M","The Atlanta Journal - Constitution; Atlanta, Ga.","Mar 8, 2013","Atlanta, Ga.",NA,News,https://www.proquest.com/newspapers/guest-column-imposing-renewable-energy-wont-work/docview/1315064478/se-2?accountid=13360
204,A UGA professor referees the fight over climate change,"Galloway, Jim","The Atlanta Journal - Constitution; Atlanta, Ga.","Jan 23, 2014","Atlanta, Ga.",NA,METRO,https://www.proquest.com/newspapers/uga-professor-referees-fight-over-climate-change/docview/1491022368/se-2?accountid=13360
205,CLIMATE CHANGE: Ga. Tech study looks at heat risk: Dire predictions issued for Atlanta. Research shows greener footprint can ease deadly impact.,"Torres, Kristina","The Atlanta Journal - Constitution; Atlanta, Ga.","Jul 7, 2014","Atlanta, Ga.",NA,METRO,https://www.proquest.com/newspapers/climate-change-ga-tech-study-looks-at-heat-risk/docview/1543254749/se-2?accountid=13360
206,Peach Buzz: Sam Champion to emcee event on climate change,"Brett, Jennifer","The Atlanta Journal - Constitution; Atlanta, Ga.","Sep 13, 2014","Atlanta, Ga.",NA,LIVING,https://www.proquest.com/newspapers/peach-buzz-sam-champion-emcee-event-on-climate/docview/1561603362/se-2?accountid=13360
207,YOUR HEALTH: Climate change can trigger asthma: Children could suffer more from effects of weather extremes.,Gracie Bonds Staples,"The Atlanta Journal - Constitution; Atlanta, Ga.","Dec 24, 2014","Atlanta, Ga.",NA,LIVING,https://www.proquest.com/newspapers/your-health-climate-change-can-trigger-asthma/docview/1639832959/se-2?accountid=13360
208,CLIMATE CHANGE DEBATE: Views on climate prompt inquiry: Ariz. lawmaker seeks details on funding for Tech professor's work.,"Malloy, Daniel","The Atlanta Journal - Constitution; Atlanta, Ga.","Mar 1, 2015","Atlanta, Ga.",NA,METRO,https://www.proquest.com/newspapers/climate-change-debate-views-on-prompt-inquiry/docview/1658906132/se-2?accountid=13360
209,"Climate change has good, bad sides","Kulers, Gil","The Atlanta Journal - Constitution; Atlanta, Ga.","Jun 11, 2015","Atlanta, Ga.",NA,Food&Drink,https://www.proquest.com/newspapers/climate-change-has-good-bad-sides/docview/1687288649/se-2?accountid=13360
210,Ga. needs to slash emissions by 25%: 15-year plan part of Obama climate change strategy.,"Malloy, Daniel; Chapman, Dan","The Atlanta Journal - Constitution; Atlanta, Ga.","Aug 4, 2015","Atlanta, Ga.",NA,News,https://www.proquest.com/newspapers/ga-needs-slash-emissions-25-15-year-plan-part/docview/1700875926/se-2?accountid=13360
211,"AJC SPECIAL REPORT: Alarm, skepticism greet climate change warning: Rising seas, dying marshes pose threat to Georgia's coastal areas.","Chapman, Dan; Bluestein, Greg","The Atlanta Journal - Constitution; Atlanta, Ga.","Aug 9, 2015","Atlanta, Ga.",NA,News,https://www.proquest.com/newspapers/ajc-special-report-alarm-skepticism-greet-climate/docview/1702238312/se-2?accountid=13360
212,TYBEE ISLAND: Hoping to avoid 'a world of hurt': Tybee takes steps to cope with impact of climate change.,"Chapman, Dan","The Atlanta Journal - Constitution; Atlanta, Ga.","Aug 9, 2015","Atlanta, Ga.",NA,News,https://www.proquest.com/newspapers/tybee-island-hoping-avoid-world-hurt-takes-steps/docview/1702249164/se-2?accountid=13360
213,Georgia's climate of change,"Bookman, StaffJay","The Atlanta Journal - Constitution; Atlanta, Ga.","Aug 9, 2015","Atlanta, Ga.",NA,News,https://www.proquest.com/newspapers/georgias-climate-change/docview/1702249363/se-2?accountid=13360
214,RENEWABLE ENERGY: Southern Co. inks second solar deal in a week: Atlanta-based utility buys 300-megawatt California solar farm.,"Chapman, Dan","The Atlanta Journal - Constitution; Atlanta, Ga.","Sep 3, 2015","Atlanta, Ga.",NA,News,https://www.proquest.com/newspapers/renewable-energy-southern-co-inks-second-solar/docview/1709128257/se-2?accountid=13360
215,FROM THE RIGHT: A GOP candidate's primer of climate change answers,Merrill Matthews He is a resident scholar with the right-leaning Institute for Policy Innovation in Dallas; writes weekly at Rare.us.,"The Atlanta Journal - Constitution; Atlanta, Ga.","Sep 8, 2015","Atlanta, Ga.",NA,Balanced Views,https://www.proquest.com/newspapers/right-gop-candidates-primer-climate-change/docview/1716196423/se-2?accountid=13360
216,"Ga. farmers harvest rays as solar grows: Renewable energy catches on in state. Industry includes 3,000 workers and 200 companies.","Chapman, Dan","The Atlanta Journal - Constitution; Atlanta, Ga.","Oct 4, 2015","Atlanta, Ga.",NA,Business,https://www.proquest.com/newspapers/ga-farmers-harvest-rays-as-solar-grows-renewable/docview/1718751554/se-2?accountid=13360
217,Coast can see toll of climate change,"Galloway, Jim","The Atlanta Journal - Constitution; Atlanta, Ga.","Nov 1, 2015","Atlanta, Ga.",NA,METRO,https://www.proquest.com/newspapers/coast-can-see-toll-climate-change/docview/1728503285/se-2?accountid=13360
218,"climate change: Reed makes his case in Paris: Cities can play big role in addressing climate change, mayor says.","Leslie, Katie","The Atlanta Journal - Constitution; Atlanta, Ga.","Dec 5, 2015","Atlanta, Ga.",NA,News,https://www.proquest.com/newspapers/climate-change-reed-makes-his-case-paris-cities/docview/1739284356/se-2?accountid=13360
219,"CLIMATE CHANGE: Power plant ruling hailed: Ga. officials say carbon reductions would hurt businesses, ratepayers.","Chapman, Dan","The Atlanta Journal - Constitution; Atlanta, Ga.","Feb 11, 2016","Atlanta, Ga.",NA,News,https://www.proquest.com/newspapers/climate-change-power-plant-ruling-hailed-ga/docview/1764279728/se-2?accountid=13360
220,Work together on climate change,NA,"The Atlanta Journal - Constitution; Atlanta, Ga.","Apr 19, 2016","Atlanta, Ga.",NA,OPINION,https://www.proquest.com/newspapers/work-together-on-climate-change/docview/1781722180/se-2?accountid=13360
221,Solving climate change won't wreck economy,NA,"The Atlanta Journal - Constitution; Atlanta, Ga.","Jun 12, 2016","Atlanta, Ga.",NA,NEWS,https://www.proquest.com/newspapers/solving-climate-change-wont-wreck-economy/docview/1795735500/se-2?accountid=13360
222,Oceans battered by climate change,"King, Llewellyn","The Atlanta Journal - Constitution; Atlanta, Ga.","Jun 12, 2016","Atlanta, Ga.",NA,NEWS,https://www.proquest.com/newspapers/oceans-battered-climate-change/docview/1795735757/se-2?accountid=13360
223,"RENEWABLE ENERGY: State pushes utility toward solar, wind power: Georgia Power's move could keep rates down.","Grantham, Russell","The Atlanta Journal - Constitution; Atlanta, Ga.","Jul 28, 2016","Atlanta, Ga.",NA,NEWS,https://www.proquest.com/newspapers/renewable-energy-state-pushes-utility-toward/docview/1807216488/se-2?accountid=13360
224,ENVIRONMENT: UGA study shows climate change killing salt marsh: Amount of cordgrass has diminished by 35% over the past 3 decades.,"Chapman, Dan","The Atlanta Journal - Constitution; Atlanta, Ga.","Aug 8, 2016","Atlanta, Ga.",NA,METRO,https://www.proquest.com/newspapers/environment-uga-study-shows-climate-change/docview/1809564606/se-2?accountid=13360
225,"CLIMATE CHANGE: Atlanta endures its second-hottest summer ever: In the future, city may see three months of above 95-degree heat.","Chapman, Dan","The Atlanta Journal - Constitution; Atlanta, Ga.","Sep 3, 2016","Atlanta, Ga.",NA,NEWS,https://www.proquest.com/newspapers/climate-change-atlanta-endures-second-hottest/docview/1816291620/se-2?accountid=13360
226,BALANCED VIEWS: We have a whole world of evidence on climate change,Jay Bookman He writes for The Atlanta Journal-Constitution.,"The Atlanta Journal - Constitution; Atlanta, Ga.","Sep 14, 2016","Atlanta, Ga.",NA,NEWS,https://www.proquest.com/newspapers/balanced-views-we-have-whole-world-evidence-on/docview/1819023979/se-2?accountid=13360
227,READERS WRITE: Solutions needed for climate change,"Sutton, Brandon","The Atlanta Journal - Constitution; Atlanta, Ga.","Sep 20, 2016","Atlanta, Ga.",NA,NEWS,https://www.proquest.com/newspapers/readers-write-solutions-needed-climate-change/docview/1820989009/se-2?accountid=13360
228,"CLIMATE CHANGE: CDC cancels climate change, health summit: 'Strategic retreat' heads off conflict, co-sponsor says.",NA,"The Atlanta Journal - Constitution; Atlanta, Ga.","Jan 24, 2017","Atlanta, Ga.",NA,NEWS,https://www.proquest.com/newspapers/climate-change-cdc-cancels-health-summit/docview/1860945189/se-2?accountid=13360
229,"CLIMATE CHANGE: In Atlanta, Gore warns of climate change risks: Ex-VP urges unity in efforts to fight effects across globe.","Stevens, Alexis","The Atlanta Journal - Constitution; Atlanta, Ga.","Feb 17, 2017","Atlanta, Ga.",NA,NEWS,https://www.proquest.com/newspapers/climate-change-atlanta-gore-warns-risks-ex-vp/docview/1868945115/se-2?accountid=13360
230,"6TH DISTRICT ELECTION: Ossoff, Handel clash over Comey, Komen: Health care, climate change also central to 'feisty' exchanges.","Bluestein, Greg","The Atlanta Journal - Constitution; Atlanta, Ga.","Jun 9, 2017","Atlanta, Ga.",NA,METRO,https://www.proquest.com/newspapers/6th-district-election-ossoff-handel-clash-over/docview/1907225500/se-2?accountid=13360
231,"Officials warn of report's local impact: Climate change will likely stress metro area, scientists say.",J.D. Capelouto Joseph.C,"The Atlanta Journal - Constitution; Atlanta, Ga.","Aug 9, 2017","Atlanta, Ga.",A.4, NEWS,https://www.proquest.com/newspapers/officials-warn-reports-local-impact-climate/docview/1927097851/se-2?accountid=13360
232,"COBB MEETING: Isakson town hall draws irate crowd: GOP senator jeered for his views on health care, climate change.","Hallerman, Tamar; Bluestein, Greg","The Atlanta Journal - Constitution; Atlanta, Ga.","Aug 15, 2017","Atlanta, Ga.",A.1, NEWS,https://www.proquest.com/newspapers/cobb-meeting-isakson-town-hall-draws-irate-crowd/docview/1928601529/se-2?accountid=13360
233,READERS WRITE: Why can't GOP see climate change?,NA,"The Atlanta Journal - Constitution; Atlanta, Ga.","Sep 11, 2017","Atlanta, Ga.",A.11, NEWS,https://www.proquest.com/newspapers/readers-write-why-cant-gop-see-climate-change/docview/1937321067/se-2?accountid=13360
234,"Harvey, Irma put climate change on Ga.'s radar","Galloway, Jim","The Atlanta Journal - Constitution; Atlanta, Ga.","Sep 14, 2017","Atlanta, Ga.",B.1, METRO,https://www.proquest.com/newspapers/harvey-irma-put-climate-change-on-ga-s-radar/docview/1938355702/se-2?accountid=13360
